[21Jul2026 18:35:59.182] [main/INFO] [cpw.mods.modlauncher.Launcher/MODLAUNCHER]: ModLauncher running: args [--launchTarget, forgeserver, --fml.forgeVersion, 47.4.21, --fml.mcVersion, 1.20.1, --fml.forgeGroup, net.minecraftforge, --fml.mcpVersion, 20230612.114412, nogui]
[21Jul2026 18:35:59.192] [main/INFO] [cpw.mods.modlauncher.Launcher/MODLAUNCHER]: ModLauncher 10.0.9+10.0.9+main.dcd20f30 starting: java version 17.0.18 by Ubuntu; OS Linux arch amd64 version 6.8.0-1052-azure
[21Jul2026 18:36:00.353] [main/INFO] [net.minecraftforge.fml.loading.ImmediateWindowHandler/]: ImmediateWindowProvider not loading because launch target is forgeserver
[21Jul2026 18:36:00.362] [main/INFO] [mixin-transmog/]: Mixin Transmogrifier is definitely up to no good...
[21Jul2026 18:36:00.389] [main/INFO] [mixin-transmog/]: crimes against java were committed
[21Jul2026 18:36:00.409] [main/INFO] [mixin-transmog/]: Original mixin transformation service successfully crobbed by mixin-transmogrifier!
[21Jul2026 18:36:00.455] [main/INFO] [mixin/]: SpongePowered MIXIN Subsystem Version=0.8.5 Source=union:/workspaces/server/servidor_minecraft/mods/Connector-1.0.0-beta.48+1.20.1.jar%23243%23246!/ Service=ModLauncher Env=SERVER
[21Jul2026 18:36:01.110] [main/WARN] [net.minecraftforge.fml.loading.moddiscovery.ModFileParser/LOADING]: Mod file /workspaces/server/servidor_minecraft/libraries/net/minecraftforge/fmlcore/1.20.1-47.4.21/fmlcore-1.20.1-47.4.21.jar is missing mods.toml file
[21Jul2026 18:36:01.111] [main/WARN] [net.minecraftforge.fml.loading.moddiscovery.ModFileParser/LOADING]: Mod file /workspaces/server/servidor_minecraft/libraries/net/minecraftforge/javafmllanguage/1.20.1-47.4.21/javafmllanguage-1.20.1-47.4.21.jar is missing mods.toml file
[21Jul2026 18:36:01.112] [main/WARN] [net.minecraftforge.fml.loading.moddiscovery.ModFileParser/LOADING]: Mod file /workspaces/server/servidor_minecraft/libraries/net/minecraftforge/lowcodelanguage/1.20.1-47.4.21/lowcodelanguage-1.20.1-47.4.21.jar is missing mods.toml file
[21Jul2026 18:36:01.113] [main/WARN] [net.minecraftforge.fml.loading.moddiscovery.ModFileParser/LOADING]: Mod file /workspaces/server/servidor_minecraft/libraries/net/minecraftforge/mclanguage/1.20.1-47.4.21/mclanguage-1.20.1-47.4.21.jar is missing mods.toml file
[21Jul2026 18:36:01.979] [main/WARN] [net.minecraftforge.jarjar.selection.JarSelector/]: Attempted to select a dependency jar for JarJar which was passed in as source: geckolib. Using Mod File: /workspaces/server/servidor_minecraft/mods/geckolib-forge-1.20.1-4.8.4.jar
[21Jul2026 18:36:01.979] [main/WARN] [net.minecraftforge.jarjar.selection.JarSelector/]: Attempted to select a dependency jar for JarJar which was passed in as source: curios. Using Mod File: /workspaces/server/servidor_minecraft/mods/curios-forge-5.14.1+1.20.1.jar
[21Jul2026 18:36:01.979] [main/INFO] [net.minecraftforge.fml.loading.moddiscovery.JarInJarDependencyLocator/]: Found 88 dependencies adding them to mods collection
[21Jul2026 18:36:02.802] [main/INFO] [org.sinytra.connector.locator.DependencyResolver/]: Dependency resolution found 7 candidates to load
[21Jul2026 18:36:04.656] [main/INFO] [org.sinytra.connector.service.hacks.ModuleLayerMigrator/]: Successfully made module authlib transformable
[21Jul2026 18:36:07.967] [main/INFO] [mixin/]: Compatibility level set to JAVA_17
[21Jul2026 18:36:08.795] [main/INFO] [mixin/]: Successfully loaded Mixin Connector [ca.spottedleaf.starlight.mixin.MixinConnector]
[21Jul2026 18:36:08.797] [main/INFO] [mixin/]: Successfully loaded Mixin Connector [com.sonicether.soundphysics.MixinConnector]
[21Jul2026 18:36:08.822] [main/INFO] [cpw.mods.modlauncher.LaunchServiceHandler/MODLAUNCHER]: Launching target 'forgeserver' with arguments [nogui]
[21Jul2026 18:36:08.861] [main/WARN] [mixin/]: Reference map 'parcool_compat_addon.refmap.json' for parcool_compat_addon.mixins.json could not be read. If this is a development environment you can ignore this message
[21Jul2026 18:36:09.017] [main/INFO] [ModernFix/]: Loaded configuration file for ModernFix 5.27.8+mc1.20.1: 108 options available, 1 override(s) found
[21Jul2026 18:36:09.017] [main/WARN] [ModernFix/]: Option 'mixin.perf.thread_priorities' overriden (by mods [smoothboot]) to 'false'
[21Jul2026 18:36:09.018] [main/INFO] [ModernFix/]: Applying Nashorn fix
[21Jul2026 18:36:09.036] [main/INFO] [ModernFix/]: Applied Forge config corruption patch
[21Jul2026 18:36:09.068] [main/WARN] [mixin/]: Reference map 'lmft-common-refmap.json' for lmft-common.mixins.json could not be read. If this is a development environment you can ignore this message
[21Jul2026 18:36:09.280] [main/WARN] [mixin/]: Reference map 'nitrogen_internals.refmap.json' for nitrogen_internals.mixins.json could not be read. If this is a development environment you can ignore this message
[21Jul2026 18:36:09.350] [main/WARN] [mixin/]: Reference map 'puzzlesaccessapi.common.refmap.json' for puzzlesaccessapi.common.mixins.json could not be read. If this is a development environment you can ignore this message
[21Jul2026 18:36:09.414] [main/WARN] [mixin/]: Reference map 'tacz_npc.refmap.json' for tacz_npc.mixins.json could not be read. If this is a development environment you can ignore this message
[21Jul2026 18:36:09.472] [main/INFO] [Puzzles Lib/]: Loading 213 mods:
	- additionalstructures 4.2.2
	- aether 1.20.1-1.5.2-neoforge
		|-- cumulus_menus 1.20.1-1.0.1-neoforge
		\-- nitrogen_internals 1.20.1-1.0.12-neoforge
	- aiimprovements 0.5.2
	- alekiships 1.0.14
	- almanac 1.0.2
	- alternate_current 1.7.0
	- apotheosis 7.4.8
	- architectury 9.2.14
	- ars_elemental 0.6.7.9
	- ars_n_spells 1.8.0
	- ars_nouveau 4.12.7
	- attributeslib 1.3.7
	- badoptimizations 2.4.1
	- balm 7.3.38
		\-- kuma_api 20.1.12
	- betteranimationscollection 8.0.1
	- betterchunkloading 1.20.1-5.4
	- bettercombat 1.9.0+1.20.1
	- bettervillage 3.3.1
	- blue_endless_jankson 1.2.2
	- bookshelf 20.2.15
	- carbonconfig 1.20-2.0.1
	- carryon 2.1.2.7
	- cataclysm 3.26
	- chunksending 1.20.1-2.8
	- chunky 1.3.146
	- cinematic_respawn 1.1.0
	- citadel 2.6.3
	- cloth_config 11.1.136
	- clumps 12.0.0.4
	- collective 8.39
	- com_github_llamalad7_mixinextras 0.2.0-beta.5
	- connectivity 1.20.1-7.6
	- connectorextras 1.11.2+1.20.1
		|-- amecsapi 1.5.3+mc1.20-pre1
		|-- connectorextras_architectury_bridge 1.11.2+1.20.1
		|-- connectorextras_emi_bridge 1.11.2+1.20.1
		|-- connectorextras_energy_bridge 1.11.2+1.20.1
		|-- connectorextras_geckolib_fabric_compat 1.11.2+1.20.1
		|-- connectorextras_jei_bridge 1.11.2+1.20.1
		|-- connectorextras_kubejs_bridge 1.11.2+1.20.1
		|-- connectorextras_modmenu_bridge 1.11.2+1.20.1
			\-- modmenu 7.2.2
		|-- connectorextras_pehkui_bridge 1.11.2+1.20.1
		|-- connectorextras_rei_bridge 1.11.2+1.20.1
		|-- connectorextras_terrablender_bridge 1.11.2+1.20.1
		|-- forgeconfigapiport 8.0.0
		\-- reach_entity_attributes 2.4.0
	- connectormod 1.0.0-beta.48+1.20.1
	- copperagebackport 0.1.4
	- coroutil 1.20.1-1.3.7
	- craftingtweaks 18.2.8
	- creativecore 2.12.35
	- creepingwoods 1.0.0
	- cristellib 1.1.6
	- cryonicconfig 1.0.0+mc1.20.1
	- cupboard 1.20.1-3.9
	- curios 5.14.1+1.20.1
	- cyclopscore 1.22.0
	- distanthorizons 2.4.5-b
	- elevatorid 1.20.1-1.9.1-forge
	- enchantinginfuser 8.0.3
	- enchdesc 17.1.21
	- enhancedai 3.3.6.3
	- evilcraft 1.2.59
		\-- evilcraftcompat 1.2.59
	- explorify 1.6.4
	- ezvcsurvival 2.0.1
	- fabric_api 0.92.6+1.11.14+1.20.1
		|-- fabric_api_base 0.4.32+ef105b4977
		|-- fabric_api_lookup_api_v1 1.6.37+67f9824077
		|-- fabric_biome_api_v1 13.0.14+dc36698e77
		|-- fabric_block_api_v1 1.0.12+0e6cb7f777
		|-- fabric_block_view_api_v2 1.0.3+53347ba977
		|-- fabric_blockrenderlayer_v1 1.1.42+1d0da21e77
		|-- fabric_client_tags_api_v1 1.1.3+5d6761b877
		|-- fabric_command_api_v1 1.2.35+f71b366f77
		|-- fabric_command_api_v2 2.2.14+561530ec77
		|-- fabric_content_registries_v0 4.0.13+a670df1e77
		|-- fabric_convention_tags_v1 1.5.6+fa3d1c0177
		|-- fabric_data_attachment_api_v1 1.0.2+30ef839e77
		|-- fabric_data_generation_api_v1 12.3.7+369cb3a477
		|-- fabric_dimensions_v1 2.1.55+8005d10d77
		|-- fabric_entity_events_v1 1.6.1+4ca7515277
		|-- fabric_events_interaction_v0 0.6.5+0f26153f77
		|-- fabric_game_rule_api_v1 1.0.41+683d4da877
		|-- fabric_item_api_v1 2.1.29+4d0bbcfa77
		|-- fabric_item_group_api_v1 4.0.14+c9161c2d77
		|-- fabric_key_binding_api_v1 1.0.38+561530ec77
		|-- fabric_lifecycle_events_v1 2.2.23+afab492177
		|-- fabric_loot_api_v2 1.2.3+eb28f93e77
		|-- fabric_message_api_v1 5.1.10+52cc178c77
		|-- fabric_mining_level_api_v1 2.1.52+561530ec77
		|-- fabric_model_loading_api_v1 1.0.4+6274ab9d77
		|-- fabric_models_v0 0.4.3+7c3892a477
		|-- fabric_networking_api_v1 1.3.14+fb7c822677
		|-- fabric_object_builder_api_v1 11.1.5+f8c414ce77
		|-- fabric_particles_v1 1.1.3+78e1ecb877
		|-- fabric_recipe_api_v1 1.0.24+514a076577
		|-- fabric_registry_sync_v0 2.3.6+1c0ea72177
		|-- fabric_renderer_api_v1 3.2.2+cf68abbe77
		|-- fabric_renderer_indigo 1.5.3+b5b2da4177
		|-- fabric_rendering_data_attachment_v1 0.3.39+a6081afc77
		|-- fabric_rendering_fluids_v1 3.0.29+4ac5e37a77
		|-- fabric_rendering_v1 3.0.9+66e9a48f77
		|-- fabric_resource_conditions_api_v1 2.3.9+996d00b277
		|-- fabric_resource_loader_v0 0.11.12+4b4151c077
		|-- fabric_screen_api_v1 2.0.9+45a670a577
		|-- fabric_screen_handler_api_v1 1.3.33+561530ec77
		|-- fabric_sound_api_v1 1.0.14+4f23bd8477
		|-- fabric_transfer_api_v1 3.3.6+631c9cd677
		\-- fabric_transitive_access_wideners_v1 4.3.2+1880499877
	- fabwork 1.2.0
	- fastasyncworldsave 1.20.1-2.6
	- fastload 3.4.0
	- fastsuite 5.1.2
	- ferritecore 6.0.1
	- fieldguide 1.6.9
	- forge 47.4.21
	- fromtheshadows 2.9
	- fzzy_config 0.7.6+1.20.1+forge
	- geckolib 4.8.4
	- getittogetherdrops 1.3
	- glitchcore 0.0.1.1
	- gtalike_teleport 1.20.1-forge-build300
	- hangglider 8.0.1
	- iammusicplayer 3.22.0-alpha.5
	- iceandfire 2.1.13-1.20.1
	- immediatelyfast 1.5.4+1.20.4
	- immersive_aircraft 1.4.0+1.20.1
	- immersive_optimization 0.2.0
	- immersiveoverlays 1.6.3+1.20.1
	- insanelib 1.23.4.4
	- inventoryprofilesnext 1.10.20
	- invmove 0.9.3
	- invmove_compat 0.5.0
	- irons_lib 1.20.1-1.0.2
	- irons_spellbooks 1.20.1-3.15.6
	- item_descriptions 2.5.4+1.20.1
	- jade 11.13.2+forge
	- jei 15.20.0.129
	- justhammers 2.0.3+mc1.20.1
	- kirin 1.15.1
	- kotlinforforge 4.12.0
	- krypton 0.2.3
	- kubejs 2001.6.5-build.26
	- kurolib 0.1
	- leaky 1.20.1-2.3
	- letmedespawn 1.5.0
	- libipn 4.0.2
	- libraryferret 4.0.0
	- limitedchunks 1.8
	- lionfishapi 2.4-Fix
	- lithostitched 1.4.11
	- lmft 1.0.4+1.20.1
	- logbegone 1.0.8
	- lrarmor 0.1.4.4
	- luckperms 5.4.102
	- lunar 0.2.7
	- mcwbridges 3.1.2
	- minecraft 1.20.1
	- modernfix 5.27.8+mc1.20.1
	- modfixer 0.0.7
	- moonlight 1.20-2.16.34
		\-- mixinsquared 0.1.1
	- morehitboxes 1.9.2
	- mutantszombies 1.3.2-Forge-mc1.20.1
	- necronomicon 1.6.0
	- ntrials 2.0.0-HOTFIX
	- otyacraftengine 3.7.0-alpha.2
	- owo 0.11.11.20
	- parcool 3.4.3.3
	- parcool_compat_addon 1.1
	- patchouli 1.20.1-85-FORGE
	- philipsruins 5.6
	- placebo 8.6.3
	- platform 1.3.2
	- playeranimator 1.0.2-rc1+1.20
	- playerrevive 2.0.31
	- psychedelicraft 1.7.51.20.1
	- puzzleslib 8.1.33
		\-- puzzlesaccessapi 20.1.1
	- recipeessentials 1.20.1-4.1
	- repurposed_structures 7.1.21+1.20.1-forge
	- rhino 2001.2.3-build.10
	- scalinghealth 8.0.2+9
	- servercore 1.5.2+1.20.1
	- silentlib 8.0.0
	- simplyswords 1.56.0-1.20.1
	- smartbrainlib 1.15
	- smoothboot 0.0.4
	- sophisticatedbackpacks 3.24.31.1628
	- sophisticatedcore 1.3.16.1631
	- sound_physics_remastered 1.20.1-1.5.1
	- starlight 1.1.2+forge.1cda73c
	- structureessentials 1.20.1-5.0
	- t_and_t 0.0NONE
	- tacz 1.1.7-hotfix2
	- tacz_npc 1.0.0
	- terraform_wood_api_v1 7.0.0-beta.1
	- tombstone 9.0.9
	- trashslot 15.1.4
	- undeadnights 2.1.0-Forge-mc1.20.1
	- underground_bunkers 1.0.5
	- vanillabackport 1.1.6.3
	- vanillin 1.1.3
		\-- flywheel 1.0.4
	- visualworkbench 8.0.1
	- voicechat 1.20.1-2.6.15
		\-- voicechat_api 2.6.13
	- watut 1.20.1-1.2.3
	- xaerominimap 25.3.10
		\-- xaerolib 1.1.0
	- xaeroworldmap 1.40.11
[21Jul2026 18:36:09.584] [main/WARN] [mixin/]: Reference map 'cristellib-forge-refmap.json' for cristellib.mixins.json could not be read. If this is a development environment you can ignore this message
[21Jul2026 18:36:09.766] [main/WARN] [mixin/]: Reference map 'justhammers-common-refmap.json' for justhammers-common.mixins.json could not be read. If this is a development environment you can ignore this message
[21Jul2026 18:36:09.807] [main/WARN] [mixin/]: Reference map 'trashslot.refmap.json' for trashslot.mixins.json could not be read. If this is a development environment you can ignore this message
[21Jul2026 18:36:09.809] [main/WARN] [mixin/]: Reference map 'limitedchunks.refmap.json' for limitedchunks.mixins.json could not be read. If this is a development environment you can ignore this message
[21Jul2026 18:36:09.882] [main/WARN] [mixin/]: Reference map 'simplyswords-forge-refmap.json' for simplyswords.mixins.json could not be read. If this is a development environment you can ignore this message
[21Jul2026 18:36:09.981] [main/WARN] [mixin/]: Reference map 'coroutil.refmap.json' for coroutil.mixins.json could not be read. If this is a development environment you can ignore this message
[21Jul2026 18:36:10.092] [main/WARN] [mixin/]: Reference map '' for adapter.init.mixins.json could not be read. If this is a development environment you can ignore this message
[21Jul2026 18:36:10.295] [main/WARN] [mixin/]: Error loading class: com/illusivesoulworks/comforts/common/block/BaseComfortsBlock (java.lang.ClassNotFoundException: com.illusivesoulworks.comforts.common.block.BaseComfortsBlock)
[21Jul2026 18:36:10.296] [main/WARN] [mixin/]: @Mixin target com.illusivesoulworks.comforts.common.block.BaseComfortsBlock was not found undeadnights.mixins.json:BaseComfortBlocksMixin from mod undeadnights
[21Jul2026 18:36:11.197] [main/INFO] [net.minecraftforge.coremod.CoreMod.apotheosis/COREMODLOG]: Replaced 2 calls to Enchantment#getMaxLevel() in net/minecraft/world/inventory/AnvilMenu
[21Jul2026 18:36:11.213] [main/WARN] [mixin/]: Error loading class: org/violetmoon/quark/content/tweaks/module/GoldToolsHaveFortuneModule (java.lang.ClassNotFoundException: org.violetmoon.quark.content.tweaks.module.GoldToolsHaveFortuneModule)
[21Jul2026 18:36:11.219] [main/INFO] [net.minecraftforge.coremod.CoreMod.placebo/COREMODLOG]: Patching IForgeItemStack#getEnchantmentLevel
[21Jul2026 18:36:11.228] [main/INFO] [net.minecraftforge.coremod.CoreMod.placebo/COREMODLOG]: Patching IForgeItemStack#getEnchantmentLevel
[21Jul2026 18:36:11.241] [main/INFO] [net.minecraftforge.coremod.CoreMod.placebo/COREMODLOG]: Patching IForgeItemStack#getEnchantmentLevel
[21Jul2026 18:36:11.242] [main/INFO] [net.minecraftforge.coremod.CoreMod.placebo/COREMODLOG]: Patching IForgeItemStack#getEnchantmentLevel
[21Jul2026 18:36:11.273] [main/ERROR] [net.minecraftforge.fml.loading.RuntimeDistCleaner/DISTXFORM]: Attempted to load class net/minecraft/client/MouseHandler for invalid dist DEDICATED_SERVER
[21Jul2026 18:36:11.273] [main/WARN] [mixin/]: Error loading class: net/minecraft/client/MouseHandler (java.lang.RuntimeException: Attempted to load class net/minecraft/client/MouseHandler for invalid dist DEDICATED_SERVER)
[21Jul2026 18:36:11.274] [main/WARN] [mixin/]: @Mixin target net.minecraft.client.MouseHandler was not found fabric-screen-api-v1.mixins.json:MouseMixin from mod fabric_screen_api_v1
[21Jul2026 18:36:11.275] [main/ERROR] [net.minecraftforge.fml.loading.RuntimeDistCleaner/DISTXFORM]: Attempted to load class net/minecraft/client/gui/screens/Screen for invalid dist DEDICATED_SERVER
[21Jul2026 18:36:11.275] [main/WARN] [mixin/]: Error loading class: net/minecraft/client/gui/screens/Screen (java.lang.RuntimeException: Attempted to load class net/minecraft/client/gui/screens/Screen for invalid dist DEDICATED_SERVER)
[21Jul2026 18:36:11.275] [main/WARN] [mixin/]: @Mixin target net.minecraft.client.gui.screens.Screen was not found fabric-screen-api-v1.mixins.json:ScreenAccessor from mod fabric_screen_api_v1
[21Jul2026 18:36:11.531] [main/WARN] [mixin/]: Error loading class: jeresources/api/util/BiomeHelper (java.lang.ClassNotFoundException: jeresources.api.util.BiomeHelper)
[21Jul2026 18:36:11.534] [main/WARN] [mixin/]: Error loading class: yalter/mousetweaks/Main (java.lang.ClassNotFoundException: yalter.mousetweaks.Main)
[21Jul2026 18:36:11.904] [main/ERROR] [net.minecraftforge.fml.loading.RuntimeDistCleaner/DISTXFORM]: Attempted to load class net/minecraft/client/renderer/entity/EntityRenderDispatcher for invalid dist DEDICATED_SERVER
[21Jul2026 18:36:11.905] [main/WARN] [mixin/]: Error loading class: net/minecraft/client/renderer/entity/EntityRenderDispatcher (java.lang.RuntimeException: Attempted to load class net/minecraft/client/renderer/entity/EntityRenderDispatcher for invalid dist DEDICATED_SERVER)
[21Jul2026 18:36:11.905] [main/WARN] [mixin/]: @Mixin target net.minecraft.client.renderer.entity.EntityRenderDispatcher was not found fieldguide.mixins.json:accessor.EntityRenderDispatcherAccessor from mod fieldguide
[21Jul2026 18:36:11.999] [main/INFO] [com.cupboard.Cupboard/]: Loaded config for: recipeessentials.json
[21Jul2026 18:36:12.037] [main/WARN] [mixin/]: Error loading class: com/simibubi/create/content/contraptions/AbstractContraptionEntity (java.lang.ClassNotFoundException: com.simibubi.create.content.contraptions.AbstractContraptionEntity)
[21Jul2026 18:36:12.038] [main/WARN] [mixin/]: @Mixin target com.simibubi.create.content.contraptions.AbstractContraptionEntity was not found sophisticatedcore.mixins.json:MixinAbstractContraptionEntity from mod sophisticatedcore
[21Jul2026 18:36:12.045] [main/INFO] [com.cupboard.Cupboard/]: Loaded config for: structureessentials.json
[21Jul2026 18:36:12.199] [main/WARN] [mixin/]: Error loading class: fr/catcore/server/translations/api/resource/language/SystemDelegatedLanguage (java.lang.ClassNotFoundException: fr.catcore.server.translations.api.resource.language.SystemDelegatedLanguage)
[21Jul2026 18:36:12.554] [main/INFO] [MixinExtras|Service/]: Initializing MixinExtras via com.llamalad7.mixinextras.service.MixinExtrasServiceImpl(version=0.5.3).
[21Jul2026 18:36:13.240] [main/INFO] [Smooth Boot (Reloaded)/]: Smooth Boot (Reloaded) config initialized
[21Jul2026 18:36:13.334] [main/WARN] [mixin/]: Static binding violation: PRIVATE @Overwrite method m_216202_ in modernfix-modernfix.mixins.json:perf.tag_id_caching.TagOrElementLocationMixin from mod modernfix cannot reduce visibiliy of PUBLIC target method, visibility will be upgraded.
[21Jul2026 18:36:13.648] [main/INFO] [net.minecraft.server.Bootstrap/]: ModernFix reached bootstrap stage (17.38 s after launch)
[21Jul2026 18:36:14.118] [main/WARN] [mixin/]: @Final field delegatesByName:Ljava/util/Map; in modernfix-modernfix.mixins.json:perf.forge_registry_alloc.ForgeRegistryMixin from mod modernfix should be final
[21Jul2026 18:36:14.118] [main/WARN] [mixin/]: @Final field delegatesByValue:Ljava/util/Map; in modernfix-modernfix.mixins.json:perf.forge_registry_alloc.ForgeRegistryMixin from mod modernfix should be final
[21Jul2026 18:36:14.457] [main/INFO] [ModernFix/]: Injecting BlockStateBase cache population hook into getOpacityIfCached from ca.spottedleaf.starlight.mixin.common.blockstate.BlockStateBaseMixin
[21Jul2026 18:36:14.458] [main/INFO] [ModernFix/]: Injecting BlockStateBase cache population hook into isConditionallyFullOpaque from ca.spottedleaf.starlight.mixin.common.blockstate.BlockStateBaseMixin
[21Jul2026 18:36:15.378] [main/INFO] [net.minecraftforge.coremod.CoreMod.apotheosis/COREMODLOG]: Replaced 2 calls to Enchantment#getMaxLevel() in net/minecraft/world/item/CreativeModeTabs
[21Jul2026 18:36:15.653] [main/INFO] [net.minecraft.server.Bootstrap/]: Vanilla bootstrap took 1993 milliseconds
[21Jul2026 18:36:16.735] [main/INFO] [mixin/]: Mixing MobTargetMixin from ezvcsurvival.mixins.json into net.minecraft.world.entity.Mob
[21Jul2026 18:36:16.742] [main/INFO] [mixin/]: Mixing MobEntityMixin from ezvcsurvival.mixins.json into net.minecraft.world.entity.Mob
[21Jul2026 18:36:16.896] [main/INFO] [net.minecraftforge.coremod.CoreMod.placebo/COREMODLOG]: Patching IForgeItemStack#getEnchantmentLevel
[21Jul2026 18:36:16.897] [main/INFO] [net.minecraftforge.coremod.CoreMod.placebo/COREMODLOG]: Patching IForgeItemStack#getEnchantmentLevel
[21Jul2026 18:36:16.983] [main/INFO] [net.minecraftforge.coremod.CoreMod.apotheosis/COREMODLOG]: Replaced 2 calls to Enchantment#getMaxLevel() in net/minecraft/world/inventory/AnvilMenu
[21Jul2026 18:36:18.677] [main/INFO] [net.minecraftforge.coremod.CoreMod.apotheosis/COREMODLOG]: Patching FishingHook#catchingFish
[21Jul2026 18:36:18.816] [main/INFO] [mixin/]: ars_elemental.mixins.json:PotionBrewingMixin from mod ars_elemental->@Invoker[METHOD_PROXY]::callAddMix(Lnet/minecraft/world/item/alchemy/Potion;Lnet/minecraft/world/item/Item;Lnet/minecraft/world/item/alchemy/Potion;)V should be static as its target is
[21Jul2026 18:36:19.245] [main/INFO] [net.minecraftforge.coremod.CoreMod.apotheosis/COREMODLOG]: Replaced 1 calls to Enchantment#getMaxLevel() in net/minecraft/world/level/storage/loot/functions/EnchantRandomlyFunction
[21Jul2026 18:36:19.246] [main/INFO] [net.minecraftforge.coremod.CoreMod.apotheosis/COREMODLOG]: Replaced 1 calls to Enchantment#isDiscoverable() in net/minecraft/world/level/storage/loot/functions/EnchantRandomlyFunction
[21Jul2026 18:36:19.801] [main/WARN] [mixin/]: Static binding violation: PRIVATE @Overwrite method m_47505_ in modernfix-modernfix.mixins.json:perf.remove_biome_temperature_cache.BiomeMixin from mod modernfix cannot reduce visibiliy of PUBLIC target method, visibility will be upgraded.
[21Jul2026 18:36:20.325] [main/INFO] [Fabwork::SERVER/]: Loaded Fabwork 1.2.0
[21Jul2026 18:36:21.197] [main/INFO] [owo/]: chyzman: No sound or Ender Dragon leakage. Although Ender Dragon sound leakage is still a thing
[21Jul2026 18:36:21.492] [modloading-worker-0/INFO] [net.petemc.undeadnights.UndeadNights/]: Registering Item Groups for undeadnights
[21Jul2026 18:36:21.553] [modloading-worker-0/INFO] [net.petemc.undeadnights.UndeadNights/]: Loading undeadnights horde mobs config
[21Jul2026 18:36:21.557] [modloading-worker-0/INFO] [net.petemc.undeadnights.UndeadNights/]: No target entities specified in horde mob config, no additional entities will be targeted.
[21Jul2026 18:36:21.569] [modloading-worker-0/INFO] [net.petemc.undeadnights.UndeadNights/]: Default horde mob undeadnights:horde_zombie was read from config.
[21Jul2026 18:36:21.569] [modloading-worker-0/INFO] [net.petemc.undeadnights.UndeadNights/]: Horde mob undeadnights:elite_zombie with chance 3% was read from config.
[21Jul2026 18:36:21.569] [modloading-worker-0/INFO] [net.petemc.undeadnights.UndeadNights/]: Horde mob undeadnights:demolition_zombie with chance 6% was read from config.
[21Jul2026 18:36:21.584] [modloading-worker-0/INFO] [net.petemc.undeadnights.UndeadNights/]: Setting current difficulty level to: Level 1
[21Jul2026 18:36:21.585] [modloading-worker-0/INFO] [net.petemc.undeadnights.UndeadNights/]: Loaded difficulty config with 1 difficulty levels.
[21Jul2026 18:36:21.914] [modloading-worker-0/INFO] [dev.su5ed.sinytra.connectorextras.terrablenderbridge.TerraBlenderBridge/]: Injecting TerraBlender API classes
[21Jul2026 18:36:21.915] [modloading-worker-0/WARN] [dev.su5ed.sinytra.connectorextras.util.HackyModuleInjector/]: Module terrablender is not present, skipping class injection
[21Jul2026 18:36:21.917] [modloading-worker-0/INFO] [io.wispforest.lmft.LMFTCommon/]: [LMFT]: Loaded Config File!
[21Jul2026 18:36:21.923] [modloading-worker-0/INFO] [Copper-Age-Backport/]: Loaded config: golemBuildSpawning=true, golemPressesButtons=true, buttonPressChance=5%, golemTransportStackSize=16, weatheringTickFrom=504000, weatheringTickTo=552000
[21Jul2026 18:36:21.929] [modloading-worker-0/INFO] [Copper-Age-Backport/]: Initializing Copper-Age-Backport on Forge
[21Jul2026 18:36:21.933] [modloading-worker-0/INFO] [Copper-Age-Backport/]: Registering sounds for Copper-Age-Backport
[21Jul2026 18:36:21.938] [modloading-worker-0/INFO] [Copper-Age-Backport/]: Registering memory module types for Copper-Age-Backport
[21Jul2026 18:36:21.949] [modloading-worker-0/INFO] [Copper-Age-Backport/]: Registering particles for Copper-Age-Backport
[21Jul2026 18:36:21.954] [modloading-worker-0/INFO] [Copper-Age-Backport/]: Registering blocks for Copper-Age-Backport
[21Jul2026 18:36:22.032] [modloading-worker-0/INFO] [Copper-Age-Backport/]: Registering block entities for Copper-Age-Backport
[21Jul2026 18:36:22.033] [modloading-worker-0/INFO] [Copper-Age-Backport/]: Registering entities for Copper-Age-Backport
[21Jul2026 18:36:22.051] [modloading-worker-0/WARN] [mixin/]: @Redirect conflict. Skipping recipeessentials.mixins.json:RecipeManagerMixin from mod recipeessentials->@Redirect::logErrorOnce(Lorg/slf4j/Logger;Ljava/lang/String;Ljava/lang/Object;Ljava/lang/Object;)V with priority 200, already redirected by modernfix-modernfix.mixins.json:perf.datapack_reload_exceptions.RecipeManagerMixin from mod modernfix->@Redirect::silenceException(Lorg/slf4j/Logger;Ljava/lang/String;Ljava/lang/Object;Ljava/lang/Object;)V with priority 2000
[21Jul2026 18:36:22.057] [modloading-worker-0/INFO] [Copper-Age-Backport/]: Registering items for Copper-Age-Backport
[21Jul2026 18:36:22.091] [modloading-worker-0/INFO] [Copper-Age-Backport/]: ModCompat: Mod 'fastchest' not loaded, skipping compatibility module
[21Jul2026 18:36:22.093] [modloading-worker-0/INFO] [Copper-Age-Backport/]: ModCompat: Mod 'sophisticatedstorage' not loaded, skipping compatibility module
[21Jul2026 18:36:22.096] [modloading-worker-0/INFO] [Copper-Age-Backport/]: ModCompat: Mod 'ironchest' not loaded, skipping compatibility module
[21Jul2026 18:36:22.097] [modloading-worker-0/INFO] [Copper-Age-Backport/]: ModCompat: Initializing 0 compatibility modules...
[21Jul2026 18:36:22.097] [modloading-worker-0/INFO] [Copper-Age-Backport/]: ModCompat: Initialization complete. 0 chest handlers, 0 container handlers registered.
[21Jul2026 18:36:22.097] [modloading-worker-0/INFO] [Copper-Age-Backport/]: Copper-Age-Backport initialized successfully!
[21Jul2026 18:36:22.281] [modloading-worker-0/INFO] [me.wesley1808.servercore.common.ServerCore/]: [ServerCore] Loaded V1.5.2+1.20.1!
[21Jul2026 18:36:22.302] [modloading-worker-0/INFO] [com.aetherteam.cumulus.Cumulus/]: Disabling Cumulus as it is on server.
[21Jul2026 18:36:22.331] [modloading-worker-0/INFO] [insane96mcp.insanelib.InsaneLib/]: Found (COMMON) InsaneLib Feature class insane96mcp.enhancedai.modules.animal.AnimalScaredAttack
[21Jul2026 18:36:22.355] [modloading-worker-0/INFO] [insane96mcp.insanelib.InsaneLib/]: Found (COMMON) InsaneLib Feature class insane96mcp.enhancedai.modules.animal.AnimalsPanic
[21Jul2026 18:36:22.358] [modloading-worker-0/INFO] [insane96mcp.insanelib.InsaneLib/]: Found (COMMON) InsaneLib Feature class insane96mcp.enhancedai.modules.animal.NotTemptedAnimals
[21Jul2026 18:36:22.360] [modloading-worker-0/INFO] [insane96mcp.insanelib.InsaneLib/]: Found (COMMON) InsaneLib Feature class insane96mcp.enhancedai.modules.blaze.BlazeAttack
[21Jul2026 18:36:22.362] [modloading-worker-0/INFO] [insane96mcp.insanelib.InsaneLib/]: Found (COMMON) InsaneLib Feature class insane96mcp.enhancedai.modules.bugs.silverfish.mergewithstone.SilverfishMergeWithStone
[21Jul2026 18:36:22.365] [modloading-worker-0/INFO] [insane96mcp.insanelib.InsaneLib/]: Found (COMMON) InsaneLib Feature class insane96mcp.enhancedai.modules.bugs.silverfish.wakeupfriends.SilverfishWakeUpFriends
[21Jul2026 18:36:22.366] [modloading-worker-0/INFO] [insane96mcp.insanelib.InsaneLib/]: Found (COMMON) InsaneLib Feature class insane96mcp.enhancedai.modules.creeper.DisableFallingSwelling
[21Jul2026 18:36:22.372] [modloading-worker-0/INFO] [insane96mcp.insanelib.InsaneLib/]: Found (COMMON) InsaneLib Feature class insane96mcp.enhancedai.modules.creeper.TNTLike
[21Jul2026 18:36:22.374] [modloading-worker-0/INFO] [insane96mcp.insanelib.InsaneLib/]: Found (COMMON) InsaneLib Feature class insane96mcp.enhancedai.modules.creeper.launch.CreeperLaunch
[21Jul2026 18:36:22.379] [modloading-worker-0/INFO] [insane96mcp.insanelib.InsaneLib/]: Found (COMMON) InsaneLib Feature class insane96mcp.enhancedai.modules.creeper.swell.CreeperSwell
[21Jul2026 18:36:22.392] [modloading-worker-0/INFO] [insane96mcp.insanelib.InsaneLib/]: Found (COMMON) InsaneLib Feature class insane96mcp.enhancedai.modules.drowned.BetterDrownedSwimUp
[21Jul2026 18:36:22.395] [modloading-worker-0/INFO] [insane96mcp.insanelib.InsaneLib/]: Found (COMMON) InsaneLib Feature class insane96mcp.enhancedai.modules.drowned.DrownedAttackDuringDay
[21Jul2026 18:36:22.399] [modloading-worker-0/INFO] [insane96mcp.insanelib.InsaneLib/]: Found (COMMON) InsaneLib Feature class insane96mcp.enhancedai.modules.drowned.SunResistantDrowned
[21Jul2026 18:36:22.407] [modloading-worker-0/INFO] [insane96mcp.insanelib.InsaneLib/]: Found (COMMON) InsaneLib Feature class insane96mcp.enhancedai.modules.drowned.drowningtargets.DrowningTargets
[21Jul2026 18:36:22.417] [modloading-worker-0/INFO] [insane96mcp.insanelib.InsaneLib/]: Found (COMMON) InsaneLib Feature class insane96mcp.enhancedai.modules.ghast.GhastShooting
[21Jul2026 18:36:22.422] [modloading-worker-0/INFO] [insane96mcp.insanelib.InsaneLib/]: Found (COMMON) InsaneLib Feature class insane96mcp.enhancedai.modules.illager.RavagerFeature
[21Jul2026 18:36:22.424] [modloading-worker-0/INFO] [insane96mcp.insanelib.InsaneLib/]: Found (COMMON) InsaneLib Feature class insane96mcp.enhancedai.modules.illager.shoot.PillagerShoot
[21Jul2026 18:36:22.429] [modloading-worker-0/INFO] [insane96mcp.insanelib.InsaneLib/]: Found (COMMON) InsaneLib Feature class insane96mcp.enhancedai.modules.mobs.AirSteal
[21Jul2026 18:36:22.432] [modloading-worker-0/INFO] [insane96mcp.insanelib.InsaneLib/]: Found (COMMON) InsaneLib Feature class insane96mcp.enhancedai.modules.mobs.BitingMobs
[21Jul2026 18:36:22.434] [modloading-worker-0/INFO] [insane96mcp.insanelib.InsaneLib/]: Found (COMMON) InsaneLib Feature class insane96mcp.enhancedai.modules.mobs.FireImmuneTicks
[21Jul2026 18:36:22.437] [modloading-worker-0/INFO] [insane96mcp.insanelib.InsaneLib/]: Found (COMMON) InsaneLib Feature class insane96mcp.enhancedai.modules.mobs.FleeTarget
[21Jul2026 18:36:22.444] [modloading-worker-0/INFO] [insane96mcp.insanelib.InsaneLib/]: Found (COMMON) InsaneLib Feature class insane96mcp.enhancedai.modules.mobs.ItemDisruption
[21Jul2026 18:36:22.446] [modloading-worker-0/INFO] [insane96mcp.insanelib.InsaneLib/]: Found (COMMON) InsaneLib Feature class insane96mcp.enhancedai.modules.mobs.Jump
[21Jul2026 18:36:22.450] [modloading-worker-0/INFO] [insane96mcp.insanelib.InsaneLib/]: Found (COMMON) InsaneLib Feature class insane96mcp.enhancedai.modules.mobs.Leaders
[21Jul2026 18:36:22.457] [modloading-worker-0/INFO] [insane96mcp.insanelib.InsaneLib/]: Found (COMMON) InsaneLib Feature class insane96mcp.enhancedai.modules.mobs.MPRDataPack
[21Jul2026 18:36:22.463] [modloading-worker-0/INFO] [insane96mcp.insanelib.InsaneLib/]: Found (COMMON) InsaneLib Feature class insane96mcp.enhancedai.modules.mobs.MeleeAttacking
[21Jul2026 18:36:22.464] [modloading-worker-0/INFO] [insane96mcp.insanelib.InsaneLib/]: Found (COMMON) InsaneLib Feature class insane96mcp.enhancedai.modules.mobs.OpenDoors
[21Jul2026 18:36:22.468] [modloading-worker-0/INFO] [insane96mcp.insanelib.InsaneLib/]: Found (COMMON) InsaneLib Feature class insane96mcp.enhancedai.modules.mobs.Panic
[21Jul2026 18:36:22.471] [modloading-worker-0/INFO] [insane96mcp.insanelib.InsaneLib/]: Found (COMMON) InsaneLib Feature class insane96mcp.enhancedai.modules.mobs.Pathfinding
[21Jul2026 18:36:22.472] [modloading-worker-0/INFO] [insane96mcp.insanelib.InsaneLib/]: Found (COMMON) InsaneLib Feature class insane96mcp.enhancedai.modules.mobs.PushResistance
[21Jul2026 18:36:22.474] [modloading-worker-0/INFO] [insane96mcp.insanelib.InsaneLib/]: Found (COMMON) InsaneLib Feature class insane96mcp.enhancedai.modules.mobs.RandomStroll
[21Jul2026 18:36:22.476] [modloading-worker-0/INFO] [insane96mcp.insanelib.InsaneLib/]: Found (COMMON) InsaneLib Feature class insane96mcp.enhancedai.modules.mobs.Shielding
[21Jul2026 18:36:22.492] [modloading-worker-0/INFO] [insane96mcp.insanelib.InsaneLib/]: Found (COMMON) InsaneLib Feature class insane96mcp.enhancedai.modules.mobs.Spawning
[21Jul2026 18:36:22.495] [modloading-worker-0/INFO] [insane96mcp.insanelib.InsaneLib/]: Found (COMMON) InsaneLib Feature class insane96mcp.enhancedai.modules.mobs.Swimmers
[21Jul2026 18:36:22.499] [modloading-worker-0/INFO] [insane96mcp.insanelib.InsaneLib/]: Found (COMMON) InsaneLib Feature class insane96mcp.enhancedai.modules.mobs.anticheese.VehicleAntiCheese
[21Jul2026 18:36:22.505] [modloading-worker-0/INFO] [insane96mcp.insanelib.InsaneLib/]: Found (COMMON) InsaneLib Feature class insane96mcp.enhancedai.modules.mobs.avoidexplosion.AvoidExplosions
[21Jul2026 18:36:22.510] [modloading-worker-0/INFO] [insane96mcp.insanelib.InsaneLib/]: Found (COMMON) InsaneLib Feature class insane96mcp.enhancedai.modules.mobs.blindnessaffected.ActualBlindness
[21Jul2026 18:36:22.521] [modloading-worker-0/INFO] [insane96mcp.insanelib.InsaneLib/]: Found (COMMON) InsaneLib Feature class insane96mcp.enhancedai.modules.mobs.breakanger.BreakAnger
[21Jul2026 18:36:22.523] [modloading-worker-0/INFO] [insane96mcp.insanelib.InsaneLib/]: Found (COMMON) InsaneLib Feature class insane96mcp.enhancedai.modules.mobs.climbing.Climbing
[21Jul2026 18:36:22.532] [modloading-worker-0/INFO] [insane96mcp.insanelib.InsaneLib/]: Found (COMMON) InsaneLib Feature class insane96mcp.enhancedai.modules.mobs.fallingshockwave.FallingShockwave
[21Jul2026 18:36:22.539] [modloading-worker-0/INFO] [insane96mcp.insanelib.InsaneLib/]: Found (COMMON) InsaneLib Feature class insane96mcp.enhancedai.modules.mobs.fisher.FisherMobs
[21Jul2026 18:36:22.548] [modloading-worker-0/INFO] [insane96mcp.insanelib.InsaneLib/]: Found (COMMON) InsaneLib Feature class insane96mcp.enhancedai.modules.mobs.miner.MinerMobs
[21Jul2026 18:36:22.565] [modloading-worker-0/INFO] [insane96mcp.insanelib.InsaneLib/]: Found (COMMON) InsaneLib Feature class insane96mcp.enhancedai.modules.mobs.parkour.Parkour
[21Jul2026 18:36:22.566] [modloading-worker-0/INFO] [insane96mcp.insanelib.InsaneLib/]: Found (COMMON) InsaneLib Feature class insane96mcp.enhancedai.modules.mobs.pearler.PearlerMobs
[21Jul2026 18:36:22.579] [modloading-worker-0/INFO] [Puzzles Lib/]: Constructing common components for enchantinginfuser:main
[21Jul2026 18:36:22.583] [modloading-worker-0/INFO] [insane96mcp.insanelib.InsaneLib/]: Found (COMMON) InsaneLib Feature class insane96mcp.enhancedai.modules.mobs.pickandthrow.PickUpAndThrow
[21Jul2026 18:36:22.585] [modloading-worker-0/INFO] [insane96mcp.insanelib.InsaneLib/]: Found (COMMON) InsaneLib Feature class insane96mcp.enhancedai.modules.mobs.riding.Riding
[21Jul2026 18:36:22.590] [modloading-worker-0/INFO] [insane96mcp.insanelib.InsaneLib/]: Found (COMMON) InsaneLib Feature class insane96mcp.enhancedai.modules.mobs.sprint.Sprint
[21Jul2026 18:36:22.590] [modloading-worker-0/INFO] [Puzzles Lib/]: Constructing common components for betteranimationscollection:main
[21Jul2026 18:36:22.594] [modloading-worker-0/INFO] [insane96mcp.insanelib.InsaneLib/]: Found (COMMON) InsaneLib Feature class insane96mcp.enhancedai.modules.mobs.targeting.Targeting
[21Jul2026 18:36:22.601] [modloading-worker-0/INFO] [insane96mcp.insanelib.InsaneLib/]: Found (COMMON) InsaneLib Feature class insane96mcp.enhancedai.modules.mobs.teleportanticheese.TeleportAntiCheese
[21Jul2026 18:36:22.608] [modloading-worker-0/INFO] [insane96mcp.insanelib.InsaneLib/]: Found (COMMON) InsaneLib Feature class insane96mcp.enhancedai.modules.mobs.teleporttotarget.TeleportToTarget
[21Jul2026 18:36:22.616] [modloading-worker-0/INFO] [insane96mcp.insanelib.InsaneLib/]: Found (COMMON) InsaneLib Feature class insane96mcp.enhancedai.modules.mobs.webber.ThrowingWeb
[21Jul2026 18:36:22.629] [modloading-worker-0/INFO] [Puzzles Lib/]: Constructing common components for visualworkbench:main
[21Jul2026 18:36:22.635] [modloading-worker-0/INFO] [insane96mcp.insanelib.InsaneLib/]: Found (COMMON) InsaneLib Feature class insane96mcp.enhancedai.modules.shulker.ShulkerArmor
[21Jul2026 18:36:22.635] [modloading-worker-0/INFO] [insane96mcp.insanelib.InsaneLib/]: Found (COMMON) InsaneLib Feature class insane96mcp.enhancedai.modules.shulker.ShulkerBullets
[21Jul2026 18:36:22.643] [modloading-worker-0/INFO] [insane96mcp.insanelib.InsaneLib/]: Found (COMMON) InsaneLib Feature class insane96mcp.enhancedai.modules.shulker.shulkerattack.ShulkerAttack
[21Jul2026 18:36:22.647] [modloading-worker-0/INFO] [insane96mcp.insanelib.InsaneLib/]: Found (COMMON) InsaneLib Feature class insane96mcp.enhancedai.modules.skeleton.SkeletonFleeTarget
[21Jul2026 18:36:22.649] [modloading-worker-0/INFO] [insane96mcp.insanelib.InsaneLib/]: Found (COMMON) InsaneLib Feature class insane96mcp.enhancedai.modules.skeleton.WitherSkeletons
[21Jul2026 18:36:22.650] [modloading-worker-0/INFO] [insane96mcp.insanelib.InsaneLib/]: Found (COMMON) InsaneLib Feature class insane96mcp.enhancedai.modules.skeleton.shoot.SkeletonShoot
[21Jul2026 18:36:22.652] [modloading-worker-0/INFO] [insane96mcp.insanelib.InsaneLib/]: Found (COMMON) InsaneLib Feature class insane96mcp.enhancedai.modules.slime.MagmaCubeSurfSpeed
[21Jul2026 18:36:22.652] [modloading-worker-0/INFO] [insane96mcp.insanelib.InsaneLib/]: Found (COMMON) InsaneLib Feature class insane96mcp.enhancedai.modules.slime.SlimeAttackFix
[21Jul2026 18:36:22.653] [modloading-worker-0/INFO] [insane96mcp.insanelib.InsaneLib/]: Found (COMMON) InsaneLib Feature class insane96mcp.enhancedai.modules.slime.SlimeJumpDelay
[21Jul2026 18:36:22.658] [modloading-worker-0/INFO] [insane96mcp.insanelib.InsaneLib/]: Found (COMMON) InsaneLib Feature class insane96mcp.enhancedai.modules.slime.SlimeSize
[21Jul2026 18:36:22.659] [modloading-worker-0/INFO] [insane96mcp.insanelib.InsaneLib/]: Found (COMMON) InsaneLib Feature class insane96mcp.enhancedai.modules.snowgolem.SnowGolemsDamagingSnowballs
[21Jul2026 18:36:22.664] [modloading-worker-0/INFO] [insane96mcp.insanelib.InsaneLib/]: Found (COMMON) InsaneLib Feature class insane96mcp.enhancedai.modules.snowgolem.SnowGolemsFreezingSnowballs
[21Jul2026 18:36:22.666] [modloading-worker-0/INFO] [insane96mcp.insanelib.InsaneLib/]: Found (COMMON) InsaneLib Feature class insane96mcp.enhancedai.modules.snowgolem.SnowGolemsHealedBySnowballs
[21Jul2026 18:36:22.667] [modloading-worker-0/INFO] [insane96mcp.insanelib.InsaneLib/]: Found (COMMON) InsaneLib Feature class insane96mcp.enhancedai.modules.snowgolem.SnowballsInvulnerabilityFrames
[21Jul2026 18:36:22.668] [modloading-worker-0/INFO] [insane96mcp.insanelib.InsaneLib/]: Found (COMMON) InsaneLib Feature class insane96mcp.enhancedai.modules.spider.StuckFix
[21Jul2026 18:36:22.673] [modloading-worker-0/INFO] [insane96mcp.insanelib.InsaneLib/]: Found (COMMON) InsaneLib Feature class insane96mcp.enhancedai.modules.villager.VillagerAlertProtectors
[21Jul2026 18:36:22.678] [modloading-worker-0/INFO] [insane96mcp.insanelib.InsaneLib/]: Found (COMMON) InsaneLib Feature class insane96mcp.enhancedai.modules.villager.VillagerAttacking
[21Jul2026 18:36:22.679] [modloading-worker-0/INFO] [com.jtorleonstudios.libraryferret.LibraryFerret/]: Initialize mod Library Ferret
[21Jul2026 18:36:22.682] [modloading-worker-0/INFO] [insane96mcp.insanelib.InsaneLib/]: Found (COMMON) InsaneLib Feature class insane96mcp.enhancedai.modules.warden.WardenDarknessRange
[21Jul2026 18:36:22.686] [modloading-worker-0/INFO] [insane96mcp.insanelib.InsaneLib/]: Found (COMMON) InsaneLib Feature class insane96mcp.enhancedai.modules.warden.WardenListenRange
[21Jul2026 18:36:22.687] [modloading-worker-0/INFO] [insane96mcp.insanelib.InsaneLib/]: Found (COMMON) InsaneLib Feature class insane96mcp.enhancedai.modules.warden.WardenSonicBoomRange
[21Jul2026 18:36:22.689] [modloading-worker-0/INFO] [insane96mcp.insanelib.InsaneLib/]: Found (COMMON) InsaneLib Feature class insane96mcp.enhancedai.modules.witch.ThirstyWitches
[21Jul2026 18:36:22.695] [modloading-worker-0/INFO] [com.jtorleonstudios.libraryferret.LibraryFerret/]: Initialized mod Library Ferret
[21Jul2026 18:36:22.704] [modloading-worker-0/INFO] [insane96mcp.insanelib.InsaneLib/]: Found (COMMON) InsaneLib Feature class insane96mcp.enhancedai.modules.witch.alliedmonsters.AlliedMonsters
[21Jul2026 18:36:22.706] [modloading-worker-0/INFO] [insane96mcp.insanelib.InsaneLib/]: Found (COMMON) InsaneLib Feature class insane96mcp.enhancedai.modules.witch.darkart.DarkArt
[21Jul2026 18:36:22.708] [modloading-worker-0/INFO] [insane96mcp.insanelib.InsaneLib/]: Found (COMMON) InsaneLib Feature class insane96mcp.enhancedai.modules.witch.throwing.WitchPotionThrowing
[21Jul2026 18:36:22.745] [modloading-worker-0/INFO] [net.minecraftforge.common.ForgeMod/FORGEMOD]: Forge mod loading, version 47.4.21, for MC 1.20.1 with MCP 20230612.114412
[21Jul2026 18:36:22.745] [modloading-worker-0/INFO] [net.minecraftforge.common.MinecraftForge/FORGE]: MinecraftForge v47.4.21 Initialized
[21Jul2026 18:36:22.786] [modloading-worker-0/INFO] [necronomicon/]: Necronomicon Initialized
[21Jul2026 18:36:22.792] [modloading-worker-0/INFO] [necronomicon/]: File exists, reading config for elocindev.necronomicon.NecronomiconConfig.
[21Jul2026 18:36:22.797] [modloading-worker-0/INFO] [necronomicon/]: Config for elocindev.necronomicon.NecronomiconConfig read successfully.
[21Jul2026 18:36:22.955] [modloading-worker-0/INFO] [xaero.common.HudMod/]: Registering common data for channel xaerominimap:main!
[21Jul2026 18:36:22.959] [modloading-worker-0/INFO] [Puzzles Lib/]: Constructing common components for puzzleslib:main
[21Jul2026 18:36:23.063] [modloading-worker-0/INFO] [xaero.common.HudMod/]: Loading primary common config for channel xaerominimap:main!
[21Jul2026 18:36:23.069] [modloading-worker-0/INFO] [xaero.common.HudMod/]: Loading server config profiles for channel xaerominimap:main!
[21Jul2026 18:36:23.268] [modloading-worker-0/INFO] [thedarkcolour.kotlinforforge.test.KotlinForForge/]: Kotlin For Forge Enabled!
[21Jul2026 18:36:23.358] [modloading-worker-0/INFO] [insane96mcp.insanelib.InsaneLib/]: Found (COMMON) InsaneLib Feature class insane96mcp.insanelib.module.base.FixesFeature
[21Jul2026 18:36:23.360] [modloading-worker-0/INFO] [insane96mcp.insanelib.InsaneLib/]: Found (COMMON) InsaneLib Feature class insane96mcp.insanelib.module.base.TagsFeature
[21Jul2026 18:36:23.366] [modloading-worker-0/INFO] [insane96mcp.insanelib.InsaneLib/]: Found (COMMON) InsaneLib Feature class insane96mcp.insanelib.module.base.TimeStopNoPlayerOnline
[21Jul2026 18:36:23.385] [modloading-worker-0/INFO] [insane96mcp.insanelib.InsaneLib/]: Found (COMMON) InsaneLib Feature class insane96mcp.insanelib.module.base.betterfallingblocks.BetterFallingBlocks
[21Jul2026 18:36:23.392] [modloading-worker-0/INFO] [xaero.map.WorldMap/]: Registering common data for channel xaeroworldmap:main!
[21Jul2026 18:36:23.410] [modloading-worker-0/INFO] [xaero.map.WorldMap/]: Loading primary common config for channel xaeroworldmap:main!
[21Jul2026 18:36:23.413] [modloading-worker-0/INFO] [xaero.map.WorldMap/]: Loading server config profiles for channel xaeroworldmap:main!
[21Jul2026 18:36:23.513] [modloading-worker-0/INFO] [Bookshelf/]: Fixing MC-151457. Crafting remainder for minecraft:pufferfish_bucket is now minecraft:bucket.
[21Jul2026 18:36:23.514] [modloading-worker-0/INFO] [Bookshelf/]: Fixing MC-151457. Crafting remainder for minecraft:salmon_bucket is now minecraft:bucket.
[21Jul2026 18:36:23.515] [modloading-worker-0/INFO] [Bookshelf/]: Fixing MC-151457. Crafting remainder for minecraft:cod_bucket is now minecraft:bucket.
[21Jul2026 18:36:23.516] [modloading-worker-0/INFO] [Bookshelf/]: Fixing MC-151457. Crafting remainder for minecraft:tropical_fish_bucket is now minecraft:bucket.
[21Jul2026 18:36:23.516] [modloading-worker-0/INFO] [Bookshelf/]: Fixing MC-151457. Crafting remainder for minecraft:axolotl_bucket is now minecraft:bucket.
[21Jul2026 18:36:23.516] [modloading-worker-0/INFO] [Bookshelf/]: Fixing MC-151457. Crafting remainder for minecraft:powder_snow_bucket is now minecraft:bucket.
[21Jul2026 18:36:23.516] [modloading-worker-0/INFO] [Bookshelf/]: Fixing MC-151457. Crafting remainder for minecraft:tadpole_bucket is now minecraft:bucket.
[21Jul2026 18:36:23.888] [modloading-worker-0/INFO] [Puzzles Lib/]: Constructing common components for hangglider:main
[21Jul2026 18:36:23.994] [modloading-worker-0/INFO] [Collective/]: Loading Collective version 8.39.
[21Jul2026 18:36:24.783] [modloading-worker-0/INFO] [Inventory Profiles Next/]: [Inventory Profiles Next] Inventory Profiles Next - init in Kotlin
[21Jul2026 18:36:24.949] [modloading-worker-0/INFO] [dev.architectury.networking.forge.NetworkManagerImpl/]: Registering C2S receiver with id architectury:sync_ids
[21Jul2026 18:36:24.984] [modloading-worker-0/INFO] [dev.architectury.networking.forge.NetworkManagerImpl/]: Registering C2S receiver with id otyacraftengine:block_entity_instruction
[21Jul2026 18:36:24.988] [modloading-worker-0/INFO] [dev.architectury.networking.forge.NetworkManagerImpl/]: Registering C2S receiver with id otyacraftengine:item_instruction
[21Jul2026 18:36:24.994] [modloading-worker-0/INFO] [dev.architectury.networking.forge.NetworkManagerImpl/]: Registering C2S receiver with id iammusicplayer:music_sync
[21Jul2026 18:36:24.994] [modloading-worker-0/INFO] [dev.architectury.networking.forge.NetworkManagerImpl/]: Registering C2S receiver with id iammusicplayer:music_playlist_add
[21Jul2026 18:36:24.996] [modloading-worker-0/INFO] [dev.architectury.networking.forge.NetworkManagerImpl/]: Registering C2S receiver with id iammusicplayer:music_playlist_edit
[21Jul2026 18:36:24.998] [modloading-worker-0/INFO] [dev.architectury.networking.forge.NetworkManagerImpl/]: Registering C2S receiver with id iammusicplayer:music_playlist_change_authority
[21Jul2026 18:36:24.998] [modloading-worker-0/INFO] [dev.architectury.networking.forge.NetworkManagerImpl/]: Registering C2S receiver with id iammusicplayer:music_add
[21Jul2026 18:36:24.998] [modloading-worker-0/INFO] [dev.architectury.networking.forge.NetworkManagerImpl/]: Registering C2S receiver with id iammusicplayer:music_edit
[21Jul2026 18:36:24.999] [modloading-worker-0/INFO] [dev.architectury.networking.forge.NetworkManagerImpl/]: Registering C2S receiver with id iammusicplayer:music_ring_ready_result
[21Jul2026 18:36:24.999] [modloading-worker-0/INFO] [dev.architectury.networking.forge.NetworkManagerImpl/]: Registering C2S receiver with id iammusicplayer:music_ring_update_result
[21Jul2026 18:36:24.999] [modloading-worker-0/INFO] [dev.architectury.networking.forge.NetworkManagerImpl/]: Registering C2S receiver with id iammusicplayer:music_or_playlist_delete
[21Jul2026 18:36:24.999] [modloading-worker-0/INFO] [dev.architectury.networking.forge.NetworkManagerImpl/]: Registering C2S receiver with id iammusicplayer:multiple_music_add
[21Jul2026 18:36:25.001] [modloading-worker-0/INFO] [dev.architectury.networking.forge.NetworkManagerImpl/]: Registering C2S receiver with id iammusicplayer:hand_lid_cycle
[21Jul2026 18:36:25.132] [modloading-worker-0/INFO] [com.cupboard.Cupboard/]: Loaded config for: cupboard.json
[21Jul2026 18:36:25.276] [modloading-worker-0/INFO] [KubeJS/]: Loaded common.properties
[21Jul2026 18:36:25.277] [modloading-worker-0/INFO] [KubeJS/]: Loaded dev.properties
[21Jul2026 18:36:25.294] [modloading-worker-0/INFO] [KubeJS/]: Looking for KubeJS plugins...
[21Jul2026 18:36:25.300] [modloading-worker-0/INFO] [KubeJS/]: Found plugin source kubejs
[21Jul2026 18:36:25.306] [modloading-worker-0/WARN] [KubeJS/]: Plugin dev.latvian.mods.kubejs.forge.BuiltinKubeJSForgeClientPlugin does not load on server side, skipping
[21Jul2026 18:36:25.307] [modloading-worker-0/WARN] [KubeJS/]: Plugin dev.latvian.mods.kubejs.integration.forge.gamestages.GameStagesIntegration does not have required mod gamestages loaded, skipping
[21Jul2026 18:36:25.308] [modloading-worker-0/INFO] [KubeJS/]: Found plugin source fieldguide
[21Jul2026 18:36:25.314] [modloading-worker-0/INFO] [KubeJS/]: Found plugin source tacz
[21Jul2026 18:36:25.319] [modloading-worker-0/INFO] [KubeJS/]: Done in 24.84 ms
[21Jul2026 18:36:25.339] [modloading-worker-0/INFO] [net.blay09.mods.balm.forge.config.ForgeBalmConfig/]: Registering config for trashslot:common (COMMON) with 5 properties.
[21Jul2026 18:36:25.385] [modloading-worker-0/INFO] [xaero.lib.XaeroLib/]: Registering common data for channel xaerolib:main!
[21Jul2026 18:36:25.386] [modloading-worker-0/INFO] [xaero.lib.XaeroLib/]: Loading primary common config for channel xaerolib:main!
[21Jul2026 18:36:25.388] [modloading-worker-0/INFO] [xaero.lib.XaeroLib/]: Loading server config profiles for channel xaerolib:main!
[21Jul2026 18:36:25.570] [modloading-worker-0/INFO] [Rhino Script Remapper/]: Loading Rhino Minecraft remapper...
[21Jul2026 18:36:25.572] [modloading-worker-0/INFO] [dev.latvian.mods.rhino.mod.util.RhinoProperties/]: Rhino properties loaded.
[21Jul2026 18:36:25.583] [modloading-worker-0/INFO] [Rhino Script Remapper/]: Loading mappings for 1.20.1
[21Jul2026 18:36:25.594] [modloading-worker-0/INFO] [coroutil/]: forge loader environment detected
[21Jul2026 18:36:25.662] [modloading-worker-0/INFO] [net.blay09.mods.balm.forge.config.ForgeBalmConfig/]: Registering config for craftingtweaks:common (COMMON) with 7 properties.
[21Jul2026 18:36:25.716] [modloading-worker-0/INFO] [libIPN/]: [libIPN] libIPN - init in Kotlin
[21Jul2026 18:36:25.720] [modloading-worker-0/INFO] [Rhino Script Remapper/]: Done in 0.148 s
[21Jul2026 18:36:26.255] [modloading-worker-0/INFO] [com.otectus.arsnspells.util.StartupValidator/]: ========================================
[21Jul2026 18:36:26.256] [modloading-worker-0/INFO] [com.otectus.arsnspells.util.StartupValidator/]: Ars 'n' Spells - Startup Validation
[21Jul2026 18:36:26.256] [modloading-worker-0/INFO] [com.otectus.arsnspells.util.StartupValidator/]: ========================================
[21Jul2026 18:36:26.256] [modloading-worker-0/INFO] [com.otectus.arsnspells.util.StartupValidator/]: OK Ars Nouveau detected
[21Jul2026 18:36:26.256] [modloading-worker-0/INFO] [com.otectus.arsnspells.util.StartupValidator/]: OK Iron's Spellbooks detected (optional)
[21Jul2026 18:36:26.256] [modloading-worker-0/INFO] [com.otectus.arsnspells.util.StartupValidator/]: OK Java version: 17.0.18 (compatible)
[21Jul2026 18:36:26.269] [modloading-worker-0/INFO] [com.otectus.arsnspells.util.StartupValidator/]: ========================================
[21Jul2026 18:36:26.269] [modloading-worker-0/INFO] [com.otectus.arsnspells.util.StartupValidator/]: OK Startup Validation: PASSED
[21Jul2026 18:36:26.270] [modloading-worker-0/INFO] [com.otectus.arsnspells.util.StartupValidator/]: ========================================
[21Jul2026 18:36:26.389] [modloading-worker-0/INFO] [KubeJS Startup/]: example.js#5: Hello, World! (Loaded startup scripts)
[21Jul2026 18:36:26.391] [modloading-worker-0/INFO] [KubeJS Startup/]: Loaded script startup_scripts:example.js in 0.096 s
[21Jul2026 18:36:26.397] [modloading-worker-0/INFO] [KubeJS Startup/]: Loaded 1/1 KubeJS startup scripts in 0.671 s with 0 errors and 0 warnings
[21Jul2026 18:36:26.441] [modloading-worker-0/INFO] [dev.architectury.networking.forge.NetworkManagerImpl/]: Registering C2S receiver with id kubejs:send_data_from_client
[21Jul2026 18:36:26.445] [modloading-worker-0/INFO] [dev.architectury.networking.forge.NetworkManagerImpl/]: Registering C2S receiver with id kubejs:first_click
[21Jul2026 18:36:26.817] [main/INFO] [net.minecraft.resources.RegistryDataLoader/]: Capturing existing worldgen registries
[21Jul2026 18:36:26.817] [main/INFO] [net.minecraft.resources.RegistryDataLoader/]: Found 0 injected RegistryDataLoader worldgen registries
[21Jul2026 18:36:29.070] [main/INFO] [ModernFix/]: Bypassed Mojang DFU
[21Jul2026 18:36:29.070] [main/INFO] [ModernFix/]: Instantiating Mojang DFU
[21Jul2026 18:36:30.284] [main/INFO] [Moonlight/]: Initialized block sets in 17ms
[21Jul2026 18:36:30.525] [main/INFO] [evilcraft/]: 2205 possible Broom base combinations are ready for flying!
[21Jul2026 18:36:31.521] [main/INFO] [com.cupboard.Cupboard/]: Loaded config for: connectivity.json
[21Jul2026 18:36:31.561] [Thread-1/INFO] [ModernFix/]: Please use /mfsrc to reload any changed mod config files
[21Jul2026 18:36:31.625] [main/INFO] [com.armilp.ezvcsurvival.EZVCSurvival/]: [SoundConfig] Loading configuration...
[21Jul2026 18:36:31.689] [main/INFO] [com.otectus.arsnspells.compat.SanctifiedLegacyCompat/]: Sanctified Legacy compatibility skipped: covenant_of_the_seven=false, enigmaticlegacy=false
[21Jul2026 18:36:31.689] [main/INFO] [com.otectus.arsnspells.ArsNSpells/]: ========================================
[21Jul2026 18:36:31.689] [main/INFO] [com.otectus.arsnspells.ArsNSpells/]: OK Ars 'n' Spells initialization complete
[21Jul2026 18:36:31.689] [main/INFO] [com.otectus.arsnspells.ArsNSpells/]: ========================================
[21Jul2026 18:36:31.843] [modloading-worker-0/INFO] [net.petemc.undeadnights.UndeadNights/]: Initializing the UndeadNights Mod (common setup)
[21Jul2026 18:36:31.920] [modloading-worker-0/INFO] [me.steinborn.krypton.mod.shared.Krypton/]: Compression will use libdeflate (Linux x86_64), encryption will use OpenSSL 3.0.x (Linux x86_64)
[21Jul2026 18:36:31.940] [modloading-worker-0/INFO] [evilcraft/]: Registered packet handler.
[21Jul2026 18:36:31.988] [modloading-worker-0/INFO] [voicechat/]: [voicechat] Compatibility version 20
[21Jul2026 18:36:31.996] [Forge Version Check/INFO] [net.minecraftforge.fml.VersionChecker/]: [evilcraft] Starting version check at https://raw.githubusercontent.com/CyclopsMC/Versions/master/forge_update/evilcraft.json
[21Jul2026 18:36:32.070] [modloading-worker-0/INFO] [voicechat/]: [voicechat] Loading plugins
[21Jul2026 18:36:32.084] [Forge Version Check/INFO] [net.minecraftforge.fml.VersionChecker/]: [evilcraft] Found status: OUTDATED Current: 1.2.59 Target: 1.2.61
[21Jul2026 18:36:32.084] [Forge Version Check/INFO] [net.minecraftforge.fml.VersionChecker/]: [tombstone] Starting version check at https://raw.githubusercontent.com/Corail31/tombstone_lite/master/update.json
[21Jul2026 18:36:32.089] [modloading-worker-0/INFO] [voicechat/]: [voicechat] Loaded 2 plugin(s)
[21Jul2026 18:36:32.091] [modloading-worker-0/INFO] [voicechat/]: [voicechat] Initializing plugins
[21Jul2026 18:36:32.099] [modloading-worker-0/INFO] [com.chunksending.ChunkSending/]: chunksending mod initialized
[21Jul2026 18:36:32.100] [Forge Version Check/INFO] [net.minecraftforge.fml.VersionChecker/]: [tombstone] Found status: OUTDATED Current: 9.0.9 Target: 9.1.3
[21Jul2026 18:36:32.101] [Forge Version Check/INFO] [net.minecraftforge.fml.VersionChecker/]: [cumulus_menus] Starting version check at https://github.com/The-Aether-Team/Cumulus/raw/1.20.1-develop/update.json
[21Jul2026 18:36:32.105] [modloading-worker-0/INFO] [Sound Physics - General/]: Initializing Simple Voice Chat integration
[21Jul2026 18:36:32.105] [modloading-worker-0/INFO] [voicechat/]: [voicechat] Initialized 2 plugin(s)
[21Jul2026 18:36:32.106] [modloading-worker-0/INFO] [voicechat/]: [voicechat] Registering events for 'sound_physics_remastered'
[21Jul2026 18:36:32.112] [modloading-worker-0/INFO] [voicechat/]: [voicechat] Registering events for 'ezvcsurvival'
[21Jul2026 18:36:32.146] [modloading-worker-0/INFO] [com.recipeessentials.RecipeEssentials/]: recipeessentials mod initialized
[21Jul2026 18:36:32.152] [modloading-worker-0/INFO] [com.connectivity.Connectivity/]: Connectivity initialized
[21Jul2026 18:36:32.211] [modloading-worker-0/INFO] [com.structureessentials.StructureEssentials/]: structureessentials mod initialized
[21Jul2026 18:36:32.226] [Forge Version Check/INFO] [net.minecraftforge.fml.VersionChecker/]: [cumulus_menus] Found status: UP_TO_DATE Current: 1.20.1-1.0.1-neoforge Target: null
[21Jul2026 18:36:32.226] [Forge Version Check/INFO] [net.minecraftforge.fml.VersionChecker/]: [scalinghealth] Starting version check at https://raw.githubusercontent.com/SilentChaos512/ScalingHealth/1.18/update.json
[21Jul2026 18:36:32.246] [Forge Version Check/INFO] [net.minecraftforge.fml.VersionChecker/]: [scalinghealth] Found status: BETA Current: 8.0.2+9 Target: null
[21Jul2026 18:36:32.248] [Forge Version Check/INFO] [net.minecraftforge.fml.VersionChecker/]: [enchantinginfuser] Starting version check at https://raw.githubusercontent.com/Fuzss/modresources/main/update/enchantinginfuser.json
[21Jul2026 18:36:32.258] [modloading-worker-0/INFO] [com.cupboard.Cupboard/]: Loaded config for: leaky.json
[21Jul2026 18:36:32.259] [modloading-worker-0/INFO] [com.leaky.Leaky/]: leaky mod initialized
[21Jul2026 18:36:32.261] [Forge Version Check/INFO] [net.minecraftforge.fml.VersionChecker/]: [enchantinginfuser] Found status: UP_TO_DATE Current: 8.0.3 Target: null
[21Jul2026 18:36:32.261] [Forge Version Check/INFO] [net.minecraftforge.fml.VersionChecker/]: [betteranimationscollection] Starting version check at https://raw.githubusercontent.com/Fuzss/modresources/main/update/betteranimationscollection.json
[21Jul2026 18:36:32.292] [Forge Version Check/INFO] [net.minecraftforge.fml.VersionChecker/]: [betteranimationscollection] Found status: UP_TO_DATE Current: 8.0.1 Target: null
[21Jul2026 18:36:32.292] [Forge Version Check/INFO] [net.minecraftforge.fml.VersionChecker/]: [fastload] Starting version check at https://github.com/BumbleSoftware/Fastload/raw/Forge-1.20.1/updates.json
[21Jul2026 18:36:32.305] [modloading-worker-0/INFO] [cz.maxtechnik.ntrials.NTrialsMod/]: NewTrials Common loading...
[21Jul2026 18:36:32.326] [modloading-worker-0/ERROR] [patchouli/]: Failed to load book iammusicplayer:manual defined by mod iammusicplayer, skipping
java.lang.IllegalArgumentException: Book iammusicplayer:manual has use_resource_pack set to false. This behaviour was removed in 1.20. The book author should enable this flag and move all book contents clientside to /assets/, leaving the book.json in /data/. See https://vazkiimods.github.io/Patchouli/docs/upgrading/upgrade-guide-120 for details.
	at vazkii.patchouli.common.book.Book.<init>(Book.java:145) ~[Patchouli-1.20.1-85-FORGE.jar%23353!/:1.20.1-85-FORGE]
	at vazkii.patchouli.common.book.BookRegistry.loadBook(BookRegistry.java:90) ~[Patchouli-1.20.1-85-FORGE.jar%23353!/:1.20.1-85-FORGE]
	at vazkii.patchouli.common.book.BookRegistry.lambda$init$3(BookRegistry.java:75) ~[Patchouli-1.20.1-85-FORGE.jar%23353!/:1.20.1-85-FORGE]
	at java.util.HashMap.forEach(HashMap.java:1421) ~[?:?]
	at vazkii.patchouli.common.book.BookRegistry.init(BookRegistry.java:70) ~[Patchouli-1.20.1-85-FORGE.jar%23353!/:1.20.1-85-FORGE]
	at vazkii.patchouli.forge.common.ForgeModInitializer.onInitialize(ForgeModInitializer.java:76) ~[Patchouli-1.20.1-85-FORGE.jar%23353!/:1.20.1-85-FORGE]
	at vazkii.patchouli.forge.common.__ForgeModInitializer_onInitialize_FMLCommonSetupEvent.invoke(.dynamic) ~[Patchouli-1.20.1-85-FORGE.jar%23353!/:1.20.1-85-FORGE]
	at net.minecraftforge.eventbus.ASMEventHandler.invoke(ASMEventHandler.java:55) ~[eventbus-6.2.33.jar%2352!/:?]
	at net.minecraftforge.eventbus.EventBus.post(EventBus.java:312) ~[eventbus-6.2.33.jar%2352!/:?]
	at net.minecraftforge.eventbus.EventBus.post(EventBus.java:298) ~[eventbus-6.2.33.jar%2352!/:?]
	at net.minecraftforge.fml.javafmlmod.FMLModContainer.acceptEvent(FMLModContainer.java:121) ~[javafmllanguage-1.20.1-47.4.21.jar%23393!/:?]
	at net.minecraftforge.fml.ModContainer.lambda$buildTransitionHandler$5(ModContainer.java:127) ~[fmlcore-1.20.1-47.4.21.jar%23392!/:?]
	at java.util.concurrent.CompletableFuture$AsyncRun.run(CompletableFuture.java:1804) ~[?:?]
	at java.util.concurrent.CompletableFuture$AsyncRun.exec(CompletableFuture.java:1796) ~[?:?]
	at java.util.concurrent.ForkJoinTask.doExec(ForkJoinTask.java:373) ~[?:?]
	at java.util.concurrent.ForkJoinPool$WorkQueue.topLevelExec(ForkJoinPool.java:1182) ~[?:?]
	at java.util.concurrent.ForkJoinPool.scan(ForkJoinPool.java:1655) ~[?:?]
	at java.util.concurrent.ForkJoinPool.runWorker(ForkJoinPool.java:1622) ~[?:?]
	at java.util.concurrent.ForkJoinWorkerThread.run(ForkJoinWorkerThread.java:165) ~[?:?]
[21Jul2026 18:36:32.351] [Forge Version Check/INFO] [net.minecraftforge.fml.VersionChecker/]: [fastload] Found status: UP_TO_DATE Current: 3.4.0 Target: null
[21Jul2026 18:36:32.351] [Forge Version Check/INFO] [net.minecraftforge.fml.VersionChecker/]: [visualworkbench] Starting version check at https://raw.githubusercontent.com/Fuzss/modresources/main/update/visualworkbench.json
[21Jul2026 18:36:32.355] [modloading-worker-0/INFO] [com.limitedchunks.LimitedChunks/]: Limited chunkloading initialized
[21Jul2026 18:36:32.356] [modloading-worker-0/INFO] [xaero.lib.XaeroLib/]: Loading XaeroLib common 1/2!
[21Jul2026 18:36:32.369] [Forge Version Check/INFO] [net.minecraftforge.fml.VersionChecker/]: [visualworkbench] Found status: UP_TO_DATE Current: 8.0.1 Target: null
[21Jul2026 18:36:32.369] [Forge Version Check/INFO] [net.minecraftforge.fml.VersionChecker/]: [puzzlesaccessapi] Starting version check at https://raw.githubusercontent.com/Fuzss/modresources/main/update/puzzlesaccessapi.json
[21Jul2026 18:36:32.391] [Forge Version Check/INFO] [net.minecraftforge.fml.VersionChecker/]: [puzzlesaccessapi] Found status: BETA Current: 20.1.1 Target: null
[21Jul2026 18:36:32.395] [Forge Version Check/INFO] [net.minecraftforge.fml.VersionChecker/]: [forge] Starting version check at https://files.minecraftforge.net/net/minecraftforge/forge/promotions_slim.json
[21Jul2026 18:36:32.415] [modloading-worker-0/INFO] [com.betterchunkloading.BetterChunkLoading/]: betterchunkloading mod initialized
[21Jul2026 18:36:32.531] [Forge Version Check/INFO] [net.minecraftforge.fml.VersionChecker/]: [forge] Found status: OUTDATED Current: 47.4.21 Target: 47.4.22
[21Jul2026 18:36:32.532] [Forge Version Check/INFO] [net.minecraftforge.fml.VersionChecker/]: [voicechat] Starting version check at https://update.maxhenkel.de/forge/voicechat
[21Jul2026 18:36:32.537] [main/INFO] [Copper-Age-Backport/]: Fired 1 registration callbacks
[21Jul2026 18:36:32.728] [main/INFO] [tacz/SYNCED_ENTITY_DATA_TAC_COPY]: Registered synced data key tacz:shoot_cool_down for minecraft:living_entity
[21Jul2026 18:36:32.728] [main/INFO] [tacz/SYNCED_ENTITY_DATA_TAC_COPY]: Registered synced data key tacz:melee_cool_down for minecraft:living_entity
[21Jul2026 18:36:32.729] [main/INFO] [tacz/SYNCED_ENTITY_DATA_TAC_COPY]: Registered synced data key tacz:reload_state for minecraft:living_entity
[21Jul2026 18:36:32.729] [main/INFO] [tacz/SYNCED_ENTITY_DATA_TAC_COPY]: Registered synced data key tacz:aiming_progress for minecraft:living_entity
[21Jul2026 18:36:32.729] [main/INFO] [tacz/SYNCED_ENTITY_DATA_TAC_COPY]: Registered synced data key tacz:draw_cool_down for minecraft:living_entity
[21Jul2026 18:36:32.729] [main/INFO] [tacz/SYNCED_ENTITY_DATA_TAC_COPY]: Registered synced data key tacz:is_aiming for minecraft:living_entity
[21Jul2026 18:36:32.729] [main/INFO] [tacz/SYNCED_ENTITY_DATA_TAC_COPY]: Registered synced data key tacz:sprint_time for minecraft:living_entity
[21Jul2026 18:36:32.729] [main/INFO] [tacz/SYNCED_ENTITY_DATA_TAC_COPY]: Registered synced data key tacz:is_bolting for minecraft:living_entity
[21Jul2026 18:36:32.729] [main/INFO] [tacz/SYNCED_ENTITY_DATA_TAC_COPY]: Registered synced data key tacz:throwable_using for minecraft:living_entity
[21Jul2026 18:36:32.766] [main/INFO] [Moonlight/]: Initialized color sets in 35ms
[21Jul2026 18:36:32.767] [main/ERROR] [Moonlight/]: Fabric API detected! This is not a Fabric mod, so please dont report related issues to MoonlightLib or its dependant. This can usually happen with connector or when having a mod that does NOT have a proper Forge native implementation. This can easily lead to poor compatibility and issues. Proceed ar your own risk. 
 Mods that bundled Fabric API: [net.minecraftforge.fml.loading.moddiscovery.ModInfo@2401856]
[21Jul2026 18:36:32.772] [main/INFO] [com.otectus.arsnspells.bridge.BridgeManager/]: ========================================
[21Jul2026 18:36:32.772] [main/INFO] [com.otectus.arsnspells.bridge.BridgeManager/]: Ars 'n' Spells - Mana Bridge Initialization
[21Jul2026 18:36:32.772] [main/INFO] [com.otectus.arsnspells.bridge.BridgeManager/]: ========================================
[21Jul2026 18:36:32.772] [main/INFO] [com.otectus.arsnspells.bridge.BridgeManager/]: Iron's Spellbooks Detected: true
[21Jul2026 18:36:32.772] [main/INFO] [com.otectus.arsnspells.bridge.BridgeManager/]: Mana Unification Mode: iss_primary
[21Jul2026 18:36:32.773] [main/INFO] [com.otectus.arsnspells.bridge.BridgeManager/]: Mode Description: Iron's Spellbooks is the primary mana source
[21Jul2026 18:36:32.773] [main/INFO] [com.otectus.arsnspells.bridge.BridgeManager/]: Primary Bridge: IRONS_SPELLS
[21Jul2026 18:36:32.773] [main/INFO] [com.otectus.arsnspells.bridge.BridgeManager/]: Secondary Bridge: ARS_NATIVE
[21Jul2026 18:36:32.773] [main/INFO] [com.otectus.arsnspells.bridge.BridgeManager/]: Mana Unification Enabled: true
[21Jul2026 18:36:32.773] [main/INFO] [com.otectus.arsnspells.bridge.BridgeManager/]: NOTE: Changing mana_unification_mode requires a game restart.
[21Jul2026 18:36:32.773] [main/INFO] [com.otectus.arsnspells.bridge.BridgeManager/]: ========================================
[21Jul2026 18:36:32.776] [main/INFO] [com.otectus.arsnspells.ArsNSpells/]: OK Packet handler registered
[21Jul2026 18:36:32.778] [main/INFO] [com.otectus.arsnspells.ArsNSpells/]: OK Rituals registered
[21Jul2026 18:36:32.856] [modloading-worker-0/INFO] [xaero.minimap.XaeroMinimap/]: Loading Xaero's Minimap - Stage 1/2 (Server)
[21Jul2026 18:36:32.856] [modloading-worker-0/INFO] [xaero.map.server.WorldMapServer/]: Loading Xaero's World Map - Stage 1/2 (Server)
[21Jul2026 18:36:32.857] [modloading-worker-0/INFO] [xaero.lib.XaeroLib/]: Loading XaeroLib server 1/2!
[21Jul2026 18:36:32.860] [modloading-worker-0/INFO] [DistantHorizons-DistantHorizons-loaderCommon.forge.com.seibel.distanthorizons.common.AbstractModInitializer/]: Initializing Distant Horizons server, firing DhApiBeforeDhInitEvent event...
[21Jul2026 18:36:32.872] [modloading-worker-0/INFO] [DistantHorizons-DistantHorizons-com.seibel.distanthorizons.core.Initializer/]: Running library validation...
[21Jul2026 18:36:32.998] [modloading-worker-0/INFO] [DistantHorizons-DistantHorizons-com.seibel.distanthorizons.core.Initializer/]: Garbage collectors: [G1 Young Generation, G1 Old Generation]
[21Jul2026 18:36:33.002] [modloading-worker-0/WARN] [DistantHorizons-DistantHorizons-com.seibel.distanthorizons.core.Initializer/]: Distant Horizons: G1 Garbage collector detected. 
This garbage collector can cause FPS stuttering. 
It's recommended to use a concurrent garbage collector 
like ZGC (Java 21+) or Shenandoah (Java 8 through 17) for a smoother experience. 

[21Jul2026 18:36:33.010] [modloading-worker-0/INFO] [DistantHorizons-DistantHorizons-loaderCommon.forge.com.seibel.distanthorizons.common.AbstractModInitializer/]: Distant Horizons, Version: 2.4.5-b
[21Jul2026 18:36:33.021] [modloading-worker-0/INFO] [DistantHorizons-DistantHorizons-loaderCommon.forge.com.seibel.distanthorizons.common.AbstractModInitializer/]: Skipping mod compatibility accessor for: [optifine]
[21Jul2026 18:36:33.022] [modloading-worker-0/INFO] [DistantHorizons-DistantHorizons-loaderCommon.forge.com.seibel.distanthorizons.common.AbstractModInitializer/]: Skipping mod compatibility accessor for: [oculus]
[21Jul2026 18:36:33.022] [modloading-worker-0/INFO] [DistantHorizons-DistantHorizons-loaderCommon.forge.com.seibel.distanthorizons.common.AbstractModInitializer/]: Distant Horizons server Initialized, adding event subscribers...
[21Jul2026 18:36:33.034] [main/INFO] [xaero.minimap.XaeroMinimap/]: Loading Xaero's Minimap - Stage 2/2 (Server)
[21Jul2026 18:36:33.034] [main/INFO] [xaero.map.server.WorldMapServer/]: Loading Xaero's World Map - Stage 2/2 (Server)
[21Jul2026 18:36:33.035] [main/INFO] [xaero.lib.XaeroLib/]: Loading XaeroLib common 2/2!
[21Jul2026 18:36:33.035] [main/INFO] [xaero.lib.XaeroLib/]: Loading XaeroLib server 2/2!
[21Jul2026 18:36:33.145] [Forge Version Check/INFO] [net.minecraftforge.fml.VersionChecker/]: [voicechat] Found status: OUTDATED Current: 1.20.1-2.6.15 Target: 1.20.1-2.6.21
[21Jul2026 18:36:33.145] [Forge Version Check/INFO] [net.minecraftforge.fml.VersionChecker/]: [sound_physics_remastered] Starting version check at https://update.maxhenkel.de/forge/sound_physics_remastered
[21Jul2026 18:36:33.219] [modloading-worker-0/INFO] [io.redspace.ironsspellbooks.IronsSpellbooks/]: Got IMC []
[21Jul2026 18:36:33.248] [Forge Version Check/INFO] [net.minecraftforge.fml.VersionChecker/]: [sound_physics_remastered] Found status: AHEAD Current: 1.20.1-1.5.1 Target: null
[21Jul2026 18:36:33.249] [Forge Version Check/INFO] [net.minecraftforge.fml.VersionChecker/]: [puzzleslib] Starting version check at https://raw.githubusercontent.com/Fuzss/modresources/main/update/puzzleslib.json
[21Jul2026 18:36:33.258] [Forge Version Check/INFO] [net.minecraftforge.fml.VersionChecker/]: [puzzleslib] Found status: UP_TO_DATE Current: 8.1.33 Target: null
[21Jul2026 18:36:33.258] [Forge Version Check/INFO] [net.minecraftforge.fml.VersionChecker/]: [cyclopscore] Starting version check at https://raw.githubusercontent.com/CyclopsMC/Versions/master/forge_update/cyclops-core.json
[21Jul2026 18:36:33.275] [Forge Version Check/INFO] [net.minecraftforge.fml.VersionChecker/]: [cyclopscore] Found status: OUTDATED Current: 1.22.0 Target: 1.22.1
[21Jul2026 18:36:33.275] [Forge Version Check/INFO] [net.minecraftforge.fml.VersionChecker/]: [aether] Starting version check at https://github.com/The-Aether-Team/The-Aether/raw/1.20.1-develop/update.json
[21Jul2026 18:36:33.296] [Forge Version Check/INFO] [net.minecraftforge.fml.VersionChecker/]: [aether] Found status: UP_TO_DATE Current: 1.20.1-1.5.2-neoforge Target: null
[21Jul2026 18:36:33.297] [Forge Version Check/INFO] [net.minecraftforge.fml.VersionChecker/]: [bookshelf] Starting version check at https://updates.blamejared.com/get?n=bookshelf&gv=1.20.1
[21Jul2026 18:36:33.366] [modloading-worker-0/INFO] [Jade/]: Start loading plugin at org.cyclops.evilcraftcompat.modcompat.jade.JadeEvilCraftConfig
[21Jul2026 18:36:33.370] [modloading-worker-0/INFO] [Jade/]: Start loading plugin at dev.shadowsoffire.apotheosis.spawn.compat.SpawnerHwylaPlugin
[21Jul2026 18:36:33.370] [modloading-worker-0/INFO] [Jade/]: Start loading plugin at dev.shadowsoffire.apotheosis.ench.compat.EnchHwylaPlugin
[21Jul2026 18:36:33.371] [modloading-worker-0/INFO] [Jade/]: Start loading plugin at dev.shadowsoffire.apotheosis.adventure.compat.AdventureHwylaPlugin
[21Jul2026 18:36:33.372] [modloading-worker-0/INFO] [Jade/]: Start loading plugin at net.blay09.mods.balm.forge.compat.hudinfo.ForgeJadeModCompat
[21Jul2026 18:36:33.372] [modloading-worker-0/INFO] [Jade/]: Start loading plugin at com.alekiponi.alekiships.compat.waila.JadeIntegration
[21Jul2026 18:36:33.374] [modloading-worker-0/INFO] [Jade/]: Start loading plugin at ovh.corail.tombstone.compatibility.IntegrationJade
[21Jul2026 18:36:33.375] [modloading-worker-0/INFO] [Jade/]: Start loading plugin at com.hollingsworth.arsnouveau.client.waila.WailaArsNouveauPlugin
[21Jul2026 18:36:33.375] [modloading-worker-0/INFO] [Jade/]: Start loading plugin at com.aetherteam.aether.integration.jade.AetherJadePlugin
[21Jul2026 18:36:33.376] [modloading-worker-0/INFO] [Jade/]: Start loading plugin at cc.cassian.item_descriptions.client.jade.JadeIntegration
[21Jul2026 18:36:33.376] [modloading-worker-0/INFO] [Jade/]: Start loading plugin at snownee.jade.addon.vanilla.VanillaPlugin
[21Jul2026 18:36:33.385] [modloading-worker-0/INFO] [Jade/]: Start loading plugin at snownee.jade.addon.universal.UniversalPlugin
[21Jul2026 18:36:33.388] [modloading-worker-0/INFO] [Jade/]: Start loading plugin at snownee.jade.addon.core.CorePlugin
[21Jul2026 18:36:33.663] [Forge Version Check/INFO] [net.minecraftforge.fml.VersionChecker/]: [bookshelf] Found status: BETA Current: 20.2.15 Target: 20.2.15
[21Jul2026 18:36:33.663] [Forge Version Check/INFO] [net.minecraftforge.fml.VersionChecker/]: [additionalstructures] Starting version check at https://raw.githubusercontent.com/XxRexRaptorxX/Update-Checker/main/AdditionalStructures.json
[21Jul2026 18:36:33.676] [Forge Version Check/INFO] [net.minecraftforge.fml.VersionChecker/]: [additionalstructures] Found status: UP_TO_DATE Current: 4.2.2 Target: null
[21Jul2026 18:36:33.677] [Forge Version Check/INFO] [net.minecraftforge.fml.VersionChecker/]: [mcwbridges] Starting version check at https://raw.githubusercontent.com/sketchmacaw/macawsmods/master/bridges.json
[21Jul2026 18:36:33.689] [Forge Version Check/INFO] [net.minecraftforge.fml.VersionChecker/]: [mcwbridges] Found status: AHEAD Current: 3.1.2 Target: null
[21Jul2026 18:36:33.689] [Forge Version Check/INFO] [net.minecraftforge.fml.VersionChecker/]: [hangglider] Starting version check at https://raw.githubusercontent.com/Fuzss/modresources/main/update/hangglider.json
[21Jul2026 18:36:33.701] [Forge Version Check/INFO] [net.minecraftforge.fml.VersionChecker/]: [hangglider] Found status: UP_TO_DATE Current: 8.0.1 Target: null
[21Jul2026 18:36:33.702] [Forge Version Check/INFO] [net.minecraftforge.fml.VersionChecker/]: [otyacraftengine] Starting version check at https://raw.githubusercontent.com/TeamFelnull/OtyacraftEngine/master/version_check.json
[21Jul2026 18:36:33.716] [Forge Version Check/INFO] [net.minecraftforge.fml.VersionChecker/]: [otyacraftengine] Found status: UP_TO_DATE Current: 3.7.0-alpha.2 Target: null
[21Jul2026 18:36:33.716] [Forge Version Check/INFO] [net.minecraftforge.fml.VersionChecker/]: [iammusicplayer] Starting version check at https://raw.githubusercontent.com/TeamFelnull/IamMusicPlayer/master/version_check.json
[21Jul2026 18:36:33.757] [Forge Version Check/INFO] [net.minecraftforge.fml.VersionChecker/]: [iammusicplayer] Found status: UP_TO_DATE Current: 3.22.0-alpha.5 Target: null
[21Jul2026 18:36:33.757] [Forge Version Check/INFO] [net.minecraftforge.fml.VersionChecker/]: [clumps] Starting version check at https://updates.blamejared.com/get?n=clumps&gv=1.20.1
[21Jul2026 18:36:33.865] [Forge Version Check/INFO] [net.minecraftforge.fml.VersionChecker/]: [clumps] Found status: BETA Current: 12.0.0.4 Target: 12.0.0.4
[21Jul2026 18:36:33.865] [Forge Version Check/INFO] [net.minecraftforge.fml.VersionChecker/]: [enchdesc] Starting version check at https://updates.blamejared.com/get?n=enchdesc&gv=1.20.1
[21Jul2026 18:36:33.967] [Forge Version Check/INFO] [net.minecraftforge.fml.VersionChecker/]: [enchdesc] Found status: BETA Current: 17.1.21 Target: 17.1.21
[21Jul2026 18:36:33.967] [Forge Version Check/INFO] [net.minecraftforge.fml.VersionChecker/]: [silentlib] Starting version check at https://raw.githubusercontent.com/SilentChaos512/SilentLib/1.20.x/update.json
[21Jul2026 18:36:33.976] [Forge Version Check/INFO] [net.minecraftforge.fml.VersionChecker/]: [silentlib] Found status: BETA Current: 8.0.0 Target: null
[21Jul2026 18:36:33.976] [Forge Version Check/INFO] [net.minecraftforge.fml.VersionChecker/]: [smoothboot] Starting version check at https://github.com/AbdElAziz333/SmoothBoot-Reloaded/raw/mc1.20.1/dev/updates.json
[21Jul2026 18:36:34.017] [Forge Version Check/WARN] [net.minecraftforge.fml.VersionChecker/]: Failed to process update information
com.google.gson.JsonSyntaxException: java.lang.IllegalStateException: Expected BEGIN_OBJECT but was STRING at line 9 column 1 path $
	at com.google.gson.Gson.fromJson(Gson.java:1226) ~[gson-2.10.jar%2372!/:?]
	at com.google.gson.Gson.fromJson(Gson.java:1124) ~[gson-2.10.jar%2372!/:?]
	at com.google.gson.Gson.fromJson(Gson.java:1034) ~[gson-2.10.jar%2372!/:?]
	at com.google.gson.Gson.fromJson(Gson.java:969) ~[gson-2.10.jar%2372!/:?]
	at net.minecraftforge.fml.VersionChecker$1.process(VersionChecker.java:186) ~[fmlcore-1.20.1-47.4.21.jar%23392!/:?]
	at java.lang.Iterable.forEach(Iterable.java:75) ~[?:?]
	at net.minecraftforge.fml.VersionChecker$1.run(VersionChecker.java:117) ~[fmlcore-1.20.1-47.4.21.jar%23392!/:?]
Caused by: java.lang.IllegalStateException: Expected BEGIN_OBJECT but was STRING at line 9 column 1 path $
	at com.google.gson.stream.JsonReader.beginObject(JsonReader.java:393) ~[gson-2.10.jar%2372!/:?]
	at com.google.gson.internal.bind.MapTypeAdapterFactory$Adapter.read(MapTypeAdapterFactory.java:182) ~[gson-2.10.jar%2372!/:?]
	at com.google.gson.internal.bind.MapTypeAdapterFactory$Adapter.read(MapTypeAdapterFactory.java:144) ~[gson-2.10.jar%2372!/:?]
	at com.google.gson.Gson.fromJson(Gson.java:1214) ~[gson-2.10.jar%2372!/:?]
	... 6 more
[21Jul2026 18:36:34.041] [main/INFO] [com.mojang.authlib.yggdrasil.YggdrasilAuthenticationService/]: Environment: authHost='https://authserver.mojang.com', accountsHost='https://api.mojang.com', sessionHost='https://sessionserver.mojang.com', servicesHost='https://api.minecraftservices.com', name='PROD'
[21Jul2026 18:36:34.097] [main/WARN] [net.minecraft.server.packs.VanillaPackResourcesBuilder/]: Assets URL 'union:/workspaces/server/servidor_minecraft/libraries/net/minecraft/server/1.20.1-20230612.114412/server-1.20.1-20230612.114412-srg.jar%23391!/assets/.mcassetsroot' uses unexpected schema
[21Jul2026 18:36:34.097] [main/WARN] [net.minecraft.server.packs.VanillaPackResourcesBuilder/]: Assets URL 'union:/workspaces/server/servidor_minecraft/libraries/net/minecraft/server/1.20.1-20230612.114412/server-1.20.1-20230612.114412-srg.jar%23391!/data/.mcassetsroot' uses unexpected schema
[21Jul2026 18:36:38.358] [main/INFO] [tacz/GunPackFinder]: Start scanning for gun packs in /workspaces/server/servidor_minecraft/tacz
[21Jul2026 18:36:38.360] [main/INFO] [tacz/GunPackFinder]: - tacz_default_gun, Main namespace: tacz
[21Jul2026 18:36:38.360] [main/INFO] [tacz/GunPackFinder]: Found 1 possible gunpack(s) and added them to resource set.
[21Jul2026 18:36:38.476] [main/INFO] [net.minecraft.server.MinecraftServer/]: Found new data pack builtin/aether_accessories, loading it automatically
[21Jul2026 18:36:38.476] [main/INFO] [net.minecraft.server.MinecraftServer/]: Found new data pack fabric, loading it automatically
[21Jul2026 18:36:38.476] [main/INFO] [net.minecraft.server.MinecraftServer/]: Found new data pack lithostitched/breaks_seed_parity, loading it automatically
[21Jul2026 18:36:38.477] [main/INFO] [net.minecraft.server.MinecraftServer/]: Found new data pack tacz_resources, loading it automatically
[21Jul2026 18:36:39.434] [main/INFO] [KubeJS Server/]: Loaded script server_scripts:starter_kit.js in 0.013 s
[21Jul2026 18:36:39.435] [main/INFO] [KubeJS Server/]: Loaded 1/1 KubeJS server scripts in 0.027 s with 0 errors and 0 warnings
[21Jul2026 18:36:39.435] [main/INFO] [KubeJS Server/]: Scripts loaded
[21Jul2026 18:36:39.917] [main/INFO] [bettervillage/]: StructureSet modified for minecraft:village : Now using custom village configuration (can be disabled in the better villages config: boolean.villages.enabled_custom_config).
[21Jul2026 18:36:40.814] [main/INFO] [net.minecraftforge.coremod.CoreMod.apotheosis/COREMODLOG]: Replaced 2 calls to Enchantment#getMaxLevel() in net/minecraft/server/commands/EnchantCommand
[21Jul2026 18:36:41.210] [Worker-Main-3/WARN] [mixin/]: Static binding violation: PRIVATE @Overwrite method m_215924_ in modernfix-modernfix.mixins.json:perf.tag_id_caching.TagEntryMixin from mod modernfix cannot reduce visibiliy of PUBLIC target method, visibility will be upgraded.
[21Jul2026 18:36:43.603] [Worker-Main-3/ERROR] [net.minecraftforge.common.ForgeHooks/]: Couldn't parse element loot_tables:irons_spellbooks:chests/citadel/citadel_tomes
com.google.gson.JsonSyntaxException: Unknown type 'minecraft:set_written_book_pages'
	at net.minecraft.world.level.storage.loot.GsonAdapterFactory$JsonAdapter.deserialize(GsonAdapterFactory.java:99) ~[server-1.20.1-20230612.114412-srg.jar%23391!/:?]
	at com.google.gson.internal.bind.TreeTypeAdapter.read(TreeTypeAdapter.java:76) ~[gson-2.10.jar%2372!/:?]
	at com.google.gson.internal.bind.TypeAdapterRuntimeTypeWrapper.read(TypeAdapterRuntimeTypeWrapper.java:40) ~[gson-2.10.jar%2372!/:?]
	at com.google.gson.internal.bind.ArrayTypeAdapter.read(ArrayTypeAdapter.java:72) ~[gson-2.10.jar%2372!/:?]
	at com.google.gson.Gson.fromJson(Gson.java:1214) ~[gson-2.10.jar%2372!/:?]
	at com.google.gson.Gson.fromJson(Gson.java:1319) ~[gson-2.10.jar%2372!/:?]
	at com.google.gson.Gson.fromJson(Gson.java:1290) ~[gson-2.10.jar%2372!/:?]
	at com.google.gson.internal.bind.TreeTypeAdapter$GsonContextImpl.deserialize(TreeTypeAdapter.java:179) ~[gson-2.10.jar%2372!/:?]
	at net.minecraft.util.GsonHelper.m_13808_(GsonHelper.java:463) ~[server-1.20.1-20230612.114412-srg.jar%23391!/:?]
	at net.minecraft.util.GsonHelper.m_13845_(GsonHelper.java:481) ~[server-1.20.1-20230612.114412-srg.jar%23391!/:?]
	at net.minecraft.world.level.storage.loot.entries.LootPoolSingletonContainer$Serializer.m_5921_(LootPoolSingletonContainer.java:149) ~[server-1.20.1-20230612.114412-srg.jar%23391!/:?]
	at net.minecraft.world.level.storage.loot.entries.LootPoolSingletonContainer$Serializer.m_5921_(LootPoolSingletonContainer.java:129) ~[server-1.20.1-20230612.114412-srg.jar%23391!/:?]
	at net.minecraft.world.level.storage.loot.entries.LootPoolEntryContainer$Serializer.m_7561_(LootPoolEntryContainer.java:86) ~[server-1.20.1-20230612.114412-srg.jar%23391!/:?]
	at net.minecraft.world.level.storage.loot.entries.LootPoolEntryContainer$Serializer.m_7561_(LootPoolEntryContainer.java:74) ~[server-1.20.1-20230612.114412-srg.jar%23391!/:?]
	at net.minecraft.world.level.storage.loot.GsonAdapterFactory$JsonAdapter.deserialize(GsonAdapterFactory.java:102) ~[server-1.20.1-20230612.114412-srg.jar%23391!/:?]
	at com.google.gson.internal.bind.TreeTypeAdapter.read(TreeTypeAdapter.java:76) ~[gson-2.10.jar%2372!/:?]
	at com.google.gson.internal.bind.TypeAdapterRuntimeTypeWrapper.read(TypeAdapterRuntimeTypeWrapper.java:40) ~[gson-2.10.jar%2372!/:?]
	at com.google.gson.internal.bind.ArrayTypeAdapter.read(ArrayTypeAdapter.java:72) ~[gson-2.10.jar%2372!/:?]
	at com.google.gson.Gson.fromJson(Gson.java:1214) ~[gson-2.10.jar%2372!/:?]
	at com.google.gson.Gson.fromJson(Gson.java:1319) ~[gson-2.10.jar%2372!/:?]
	at com.google.gson.Gson.fromJson(Gson.java:1290) ~[gson-2.10.jar%2372!/:?]
	at com.google.gson.internal.bind.TreeTypeAdapter$GsonContextImpl.deserialize(TreeTypeAdapter.java:179) ~[gson-2.10.jar%2372!/:?]
	at net.minecraft.util.GsonHelper.m_13808_(GsonHelper.java:463) ~[server-1.20.1-20230612.114412-srg.jar%23391!/:?]
	at net.minecraft.util.GsonHelper.m_13836_(GsonHelper.java:471) ~[server-1.20.1-20230612.114412-srg.jar%23391!/:?]
	at net.minecraft.world.level.storage.loot.LootPool$Serializer.deserialize(LootPool.java:192) ~[server-1.20.1-20230612.114412-srg.jar%23391!/:?]
	at net.minecraft.world.level.storage.loot.LootPool$Serializer.deserialize(LootPool.java:189) ~[server-1.20.1-20230612.114412-srg.jar%23391!/:?]
	at com.google.gson.internal.bind.TreeTypeAdapter.read(TreeTypeAdapter.java:76) ~[gson-2.10.jar%2372!/:?]
	at com.google.gson.internal.bind.TypeAdapterRuntimeTypeWrapper.read(TypeAdapterRuntimeTypeWrapper.java:40) ~[gson-2.10.jar%2372!/:?]
	at com.google.gson.internal.bind.ArrayTypeAdapter.read(ArrayTypeAdapter.java:72) ~[gson-2.10.jar%2372!/:?]
	at com.google.gson.Gson.fromJson(Gson.java:1214) ~[gson-2.10.jar%2372!/:?]
	at com.google.gson.Gson.fromJson(Gson.java:1319) ~[gson-2.10.jar%2372!/:?]
	at com.google.gson.Gson.fromJson(Gson.java:1290) ~[gson-2.10.jar%2372!/:?]
	at com.google.gson.internal.bind.TreeTypeAdapter$GsonContextImpl.deserialize(TreeTypeAdapter.java:179) ~[gson-2.10.jar%2372!/:?]
	at net.minecraft.util.GsonHelper.m_13808_(GsonHelper.java:463) ~[server-1.20.1-20230612.114412-srg.jar%23391!/:?]
	at net.minecraft.util.GsonHelper.m_13845_(GsonHelper.java:481) ~[server-1.20.1-20230612.114412-srg.jar%23391!/:?]
	at net.minecraft.world.level.storage.loot.LootTable$Serializer.deserialize(LootTable.java:294) ~[server-1.20.1-20230612.114412-srg.jar%23391!/:?]
	at net.minecraft.world.level.storage.loot.LootTable$Serializer.deserialize(LootTable.java:291) ~[server-1.20.1-20230612.114412-srg.jar%23391!/:?]
	at com.google.gson.internal.bind.TreeTypeAdapter.read(TreeTypeAdapter.java:76) ~[gson-2.10.jar%2372!/:?]
	at com.google.gson.Gson.fromJson(Gson.java:1214) ~[gson-2.10.jar%2372!/:?]
	at com.google.gson.Gson.fromJson(Gson.java:1319) ~[gson-2.10.jar%2372!/:?]
	at com.google.gson.Gson.fromJson(Gson.java:1261) ~[gson-2.10.jar%2372!/:?]
	at net.minecraftforge.common.ForgeHooks.loadLootTable(ForgeHooks.java:872) ~[forge-1.20.1-47.4.21-universal.jar%23396!/:?]
	at net.minecraftforge.common.ForgeHooks.lambda$getLootTableDeserializer$3(ForgeHooks.java:849) ~[forge-1.20.1-47.4.21-universal.jar%23396!/:?]
	at net.minecraft.world.level.storage.loot.LootDataType.deserialize(LootDataType.java:45) ~[server-1.20.1-20230612.114412-srg.jar%23391!/:?]
	at net.minecraft.world.level.storage.loot.LootDataManager.lambda$scheduleElementParse$4(LootDataManager.java:56) ~[server-1.20.1-20230612.114412-srg.jar%23391!/:?]
	at java.util.HashMap.forEach(HashMap.java:1421) ~[?:?]
	at net.minecraft.world.level.storage.loot.LootDataManager.m_278660_(LootDataManager.java:55) ~[server-1.20.1-20230612.114412-srg.jar%23391!/:?]
	at java.util.concurrent.CompletableFuture$AsyncRun.run(CompletableFuture.java:1804) ~[?:?]
	at java.util.concurrent.CompletableFuture$AsyncRun.exec(CompletableFuture.java:1796) ~[?:?]
	at java.util.concurrent.ForkJoinTask.doExec(ForkJoinTask.java:373) ~[?:?]
	at java.util.concurrent.ForkJoinPool$WorkQueue.topLevelExec(ForkJoinPool.java:1182) ~[?:?]
	at java.util.concurrent.ForkJoinPool.scan(ForkJoinPool.java:1655) ~[?:?]
	at java.util.concurrent.ForkJoinPool.runWorker(ForkJoinPool.java:1622) ~[?:?]
	at java.util.concurrent.ForkJoinWorkerThread.run(ForkJoinWorkerThread.java:165) ~[?:?]
[21Jul2026 18:36:44.100] [main/WARN] [net.minecraft.world.level.storage.loot.LootDataManager/]: Found loot table element validation problem in {loot_tables:irons_spellbooks:chests/citadel/citadel_bookshelf}.pools[8].entries[0]: Unknown loot table called irons_spellbooks:chests/citadel/citadel_tomes
[21Jul2026 18:36:44.105] [main/INFO] [placebo/]: Registered 34 additional loot tables.
[21Jul2026 18:36:44.244] [main/INFO] [net.minecraft.world.item.crafting.RecipeManager/]: Skipping loading recipe copperagebackport:oxidized_lightning_rod_from_friendsandfoes as it's serializer returned null
[21Jul2026 18:36:44.305] [main/INFO] [net.minecraft.world.item.crafting.RecipeManager/]: Skipping loading recipe ars_elemental:jeed/hellfire_burn as it's serializer returned null
[21Jul2026 18:36:44.317] [main/INFO] [net.minecraft.world.item.crafting.RecipeManager/]: Skipping loading recipe copperagebackport:pale_oak_shelf_from_palegardenbackport as it's serializer returned null
[21Jul2026 18:36:44.319] [main/INFO] [net.minecraft.world.item.crafting.RecipeManager/]: Skipping loading recipe copperagebackport:exposed_lightning_rod_from_friendsandfoes as it's serializer returned null
[21Jul2026 18:36:44.364] [main/INFO] [net.minecraft.world.item.crafting.RecipeManager/]: Skipping loading recipe ars_elemental:jeed/watery_grave as it's serializer returned null
[21Jul2026 18:36:44.374] [main/INFO] [net.minecraft.world.item.crafting.RecipeManager/]: Skipping loading recipe botany_pots:ars_elemental/flashing_archwood as it's serializer returned null
[21Jul2026 18:36:44.391] [main/INFO] [net.minecraft.world.item.crafting.RecipeManager/]: Skipping loading recipe ars_elemental:jeed/life_link as it's serializer returned null
[21Jul2026 18:36:44.397] [main/INFO] [net.minecraft.world.item.crafting.RecipeManager/]: Skipping loading recipe copperagebackport:weathered_lightning_rod_from_friendsandfoes as it's serializer returned null
[21Jul2026 18:36:44.403] [main/INFO] [net.minecraft.world.item.crafting.RecipeManager/]: Skipping loading recipe copperagebackport:waxed_lightning_rod_from_friendsandfoes as it's serializer returned null
[21Jul2026 18:36:44.409] [main/INFO] [net.minecraft.world.item.crafting.RecipeManager/]: Skipping loading recipe ars_elemental:jeed/entrhalled as it's serializer returned null
[21Jul2026 18:36:44.412] [main/INFO] [net.minecraft.world.item.crafting.RecipeManager/]: Skipping loading recipe copperagebackport:waxed_oxidized_lightning_rod_from_friendsandfoes as it's serializer returned null
[21Jul2026 18:36:44.418] [main/INFO] [net.minecraft.world.item.crafting.RecipeManager/]: Skipping loading recipe ars_elemental:jeed/mana_shield as it's serializer returned null
[21Jul2026 18:36:44.431] [main/INFO] [net.minecraft.world.item.crafting.RecipeManager/]: Skipping loading recipe copperagebackport:waxed_exposed_lightning_rod_from_friendsandfoes as it's serializer returned null
[21Jul2026 18:36:44.440] [main/INFO] [net.minecraft.world.item.crafting.RecipeManager/]: Skipping loading recipe copperagebackport:waxed_weathered_lightning_rod_from_friendsandfoes as it's serializer returned null
[21Jul2026 18:36:44.458] [main/INFO] [net.minecraft.world.item.crafting.RecipeManager/]: Skipping loading recipe copperagebackport:pale_oak_shelf_from_vanilliabackports as it's serializer returned null
[21Jul2026 18:36:44.463] [main/INFO] [net.minecraft.world.item.crafting.RecipeManager/]: Loaded 49 recipes
[21Jul2026 18:36:44.469] [main/WARN] [com.recipeessentials.RecipeEssentials/]: Recipe without matching ID:ars_nouveau:copper_ores
[21Jul2026 18:36:44.470] [main/WARN] [com.recipeessentials.RecipeEssentials/]: Recipe without matching ID:ars_nouveau:netherite_scrap_ores
[21Jul2026 18:36:44.470] [main/WARN] [com.recipeessentials.RecipeEssentials/]: Recipe without matching ID:ars_nouveau:iron_ores
[21Jul2026 18:36:44.471] [main/WARN] [com.recipeessentials.RecipeEssentials/]: Recipe without matching ID:ars_nouveau:blaze_powder
[21Jul2026 18:36:44.474] [main/WARN] [com.recipeessentials.RecipeEssentials/]: Recipe without matching ID:ars_nouveau:emerald_ores
[21Jul2026 18:36:44.474] [main/WARN] [com.recipeessentials.RecipeEssentials/]: Recipe without matching ID:ars_nouveau:coal_ores
[21Jul2026 18:36:44.474] [main/WARN] [com.recipeessentials.RecipeEssentials/]: Recipe without matching ID:apotheosis:potion_charm_enchanting
[21Jul2026 18:36:44.474] [main/WARN] [com.recipeessentials.RecipeEssentials/]: Recipe without matching ID:ars_nouveau:lapis_ores
[21Jul2026 18:36:44.475] [main/WARN] [com.recipeessentials.RecipeEssentials/]: Recipe without matching ID:ars_nouveau:redstone_ores
[21Jul2026 18:36:44.477] [main/WARN] [com.recipeessentials.RecipeEssentials/]: Recipe without matching ID:ars_nouveau:amethyst_gems
[21Jul2026 18:36:44.479] [main/WARN] [com.recipeessentials.RecipeEssentials/]: Recipe without matching ID:ars_nouveau:gold_ores
[21Jul2026 18:36:44.479] [main/WARN] [com.recipeessentials.RecipeEssentials/]: Recipe without matching ID:ars_nouveau:amethyst_blocks
[21Jul2026 18:36:44.480] [main/WARN] [com.recipeessentials.RecipeEssentials/]: Recipe without matching ID:ars_nouveau:budding_amethyst
[21Jul2026 18:36:44.481] [main/WARN] [com.recipeessentials.RecipeEssentials/]: Recipe without matching ID:ars_nouveau:diamond_ores
[21Jul2026 18:36:44.482] [main/WARN] [com.recipeessentials.RecipeEssentials/]: Recipe without matching ID:ars_nouveau:quartz_ores
[21Jul2026 18:36:44.483] [main/WARN] [com.recipeessentials.RecipeEssentials/]: Recipe without matching ID:ars_nouveau:mirror_shield_3
[21Jul2026 18:36:44.483] [main/WARN] [com.recipeessentials.RecipeEssentials/]: Recipe without matching ID:ars_nouveau:mirror_shield_2
[21Jul2026 18:36:44.483] [main/WARN] [com.recipeessentials.RecipeEssentials/]: Recipe without matching ID:ars_nouveau:mirror_shield_1
[21Jul2026 18:36:44.483] [main/WARN] [com.recipeessentials.RecipeEssentials/]: Recipe without matching ID:ars_nouveau:soulbound_1
[21Jul2026 18:36:44.724] [main/INFO] [net.minecraft.advancements.AdvancementList/]: Loaded 3063 advancements
[21Jul2026 18:36:44.736] [main/INFO] [placebo/]: Registered 26 additional recipes.
[21Jul2026 18:36:44.777] [main/INFO] [top.theillusivec4.curios.Curios/]: Loaded 24 curio slots
[21Jul2026 18:36:44.779] [main/INFO] [top.theillusivec4.curios.Curios/]: Loaded 9 curio entities
[21Jul2026 18:36:44.781] [main/ERROR] [bettervillage/]: Ice And Fire compatibility is not enabled for Better Village and Ice And Fire is present in your mod list.
     - Please install the datapack for better compatibility between Better Villages and Ice And Fire.
     - You can find the datapack URL in the `compatibility` section of the Better Villages description.
     - URL=https://www.curseforge.com/minecraft/mc-mods/better-village-forge
[21Jul2026 18:36:44.921] [main/INFO] [Apotheosis : Enchantment/]: Registered 29 enchanting_stats.
[21Jul2026 18:36:44.927] [main/INFO] [Apotheosis : Adventure/]: Registered 6 rarities.
[21Jul2026 18:36:44.935] [main/INFO] [Apotheosis : Adventure/]: Registered 87 affixes.
[21Jul2026 18:36:44.940] [main/WARN] [Apotheosis : Adventure/]: Insufficient number of affixes to satisfy the loot rules (ignoring backup rules) of rarity apotheosis:mythic for category helmetRequired: 3; Provided: 2
[21Jul2026 18:36:44.940] [main/WARN] [Apotheosis : Adventure/]: Insufficient number of affixes to satisfy the loot rules (ignoring backup rules) of rarity apotheosis:mythic for category bootsRequired: 3; Provided: 2
[21Jul2026 18:36:44.941] [main/WARN] [Apotheosis : Adventure/]: Insufficient number of affixes to satisfy the loot rules (ignoring backup rules) of rarity apotheosis:ancient for category helmetRequired: 4; Provided: 2
[21Jul2026 18:36:44.941] [main/WARN] [Apotheosis : Adventure/]: Insufficient number of affixes to satisfy the loot rules (ignoring backup rules) of rarity apotheosis:ancient for category bootsRequired: 4; Provided: 2
[21Jul2026 18:36:44.941] [main/WARN] [Apotheosis : Adventure/]: Insufficient number of affixes to satisfy the loot rules (ignoring backup rules) of rarity apotheosis:ancient for category bowRequired: 5; Provided: 4
[21Jul2026 18:36:44.942] [main/WARN] [Apotheosis : Adventure/]: Insufficient number of affixes to satisfy the loot rules (ignoring backup rules) of rarity apotheosis:ancient for category crossbowRequired: 5; Provided: 4
[21Jul2026 18:36:44.942] [main/WARN] [Apotheosis : Adventure/]: Insufficient number of affixes to satisfy the loot rules (ignoring backup rules) of rarity apotheosis:ancient for category pickaxeRequired: 5; Provided: 4
[21Jul2026 18:36:44.942] [main/WARN] [Apotheosis : Adventure/]: Insufficient number of affixes to satisfy the loot rules (ignoring backup rules) of rarity apotheosis:ancient for category shovelRequired: 5; Provided: 4
[21Jul2026 18:36:44.952] [main/INFO] [Apotheosis : Adventure/]: Registered 32 gems.
[21Jul2026 18:36:44.958] [main/INFO] [Apotheosis : Adventure/]: Registered 67 affix_loot_entries.
[21Jul2026 18:36:44.964] [main/INFO] [Apotheosis : Adventure/]: Registered 17 bosses.
[21Jul2026 18:36:44.970] [main/INFO] [Apotheosis : Adventure/]: Registered 8 rogue_spawners.
[21Jul2026 18:36:44.972] [main/INFO] [Apotheosis : Adventure/]: Registered 5 minibosses.
[21Jul2026 18:36:44.976] [main/INFO] [Apotheosis : Village/]: Registered 28 wanderer_trades.
[21Jul2026 18:36:44.982] [main/INFO] [placebo/]: Registered 16 gear_sets.
[21Jul2026 18:36:44.983] [main/INFO] [insane96mcp.insanelib.InsaneLib/]: Reloading InsaneLib JsonFeature Json
[21Jul2026 18:36:45.043] [main/INFO] [evilcraft/]: 19 Broom modifiers can be applied!
[21Jul2026 18:36:45.050] [main/WARN] [ModernFix/]: Initial datapack load took 10.92 s
[21Jul2026 18:36:45.205] [Server thread/INFO] [net.minecraft.server.dedicated.DedicatedServer/]: Starting minecraft server version 1.20.1
[21Jul2026 18:36:45.206] [Server thread/INFO] [net.minecraft.server.dedicated.DedicatedServer/]: Loading properties
[21Jul2026 18:36:45.206] [Server thread/INFO] [net.minecraft.server.dedicated.DedicatedServer/]: Default game type: SURVIVAL
[21Jul2026 18:36:45.206] [Server thread/INFO] [net.minecraft.server.MinecraftServer/]: Generating keypair
[21Jul2026 18:36:45.273] [Server thread/INFO] [net.minecraft.server.dedicated.DedicatedServer/]: Starting Minecraft server on *:25565
[21Jul2026 18:36:45.303] [Server thread/INFO] [net.minecraft.server.network.ServerConnectionListener/]: Using epoll channel type
[21Jul2026 18:36:45.388] [Server thread/WARN] [net.minecraft.server.dedicated.DedicatedServer/]: **** SERVER IS RUNNING IN OFFLINE/INSECURE MODE!
[21Jul2026 18:36:45.388] [Server thread/WARN] [net.minecraft.server.dedicated.DedicatedServer/]: The server will make no attempt to authenticate usernames. Beware.
[21Jul2026 18:36:45.388] [Server thread/WARN] [net.minecraft.server.dedicated.DedicatedServer/]: While this makes the game possible to play without internet access, it also opens up the ability for hackers to connect with any username they choose.
[21Jul2026 18:36:45.389] [Server thread/WARN] [net.minecraft.server.dedicated.DedicatedServer/]: To change this, set "online-mode" to "true" in the server.properties file.
[21Jul2026 18:36:45.408] [Server thread/WARN] [net.minecraftforge.common.ForgeConfigSpec/CORE]: Configuration file ./world/serverconfig/undeadnights-server.toml is not correct. Correcting
[21Jul2026 18:36:45.410] [Server thread/WARN] [net.minecraftforge.common.ForgeConfigSpec/CORE]: Incorrect key undeadNightsEnabled was corrected from null to its default, true. 
[21Jul2026 18:36:45.411] [Server thread/WARN] [net.minecraftforge.common.ForgeConfigSpec/CORE]: Incorrect key gracePeriod was corrected from null to its default, 0. 
[21Jul2026 18:36:45.412] [Server thread/WARN] [net.minecraftforge.common.ForgeConfigSpec/CORE]: Incorrect key sendHordeNightsCountdownMessage was corrected from null to its default, false. 
[21Jul2026 18:36:45.413] [Server thread/WARN] [net.minecraftforge.common.ForgeConfigSpec/CORE]: Incorrect key hordeSpawnedMessageAndSound was corrected from null to its default, true. 
[21Jul2026 18:36:45.413] [Server thread/WARN] [net.minecraftforge.common.ForgeConfigSpec/CORE]: Incorrect key distanceMin was corrected from null to its default, 70. 
[21Jul2026 18:36:45.414] [Server thread/WARN] [net.minecraftforge.common.ForgeConfigSpec/CORE]: Incorrect key distanceMax was corrected from null to its default, 75. 
[21Jul2026 18:36:45.415] [Server thread/WARN] [net.minecraftforge.common.ForgeConfigSpec/CORE]: Incorrect key hordeMobsSpawnCap was corrected from null to its default, 80. 
[21Jul2026 18:36:45.417] [Server thread/WARN] [net.minecraftforge.common.ForgeConfigSpec/CORE]: Incorrect key ignoreDoMobSpawningGamerule was corrected from null to its default, true. 
[21Jul2026 18:36:45.417] [Server thread/WARN] [net.minecraftforge.common.ForgeConfigSpec/CORE]: Incorrect key hordeWavesCanSpawnInWater was corrected from null to its default, false. 
[21Jul2026 18:36:45.418] [Server thread/WARN] [net.minecraftforge.common.ForgeConfigSpec/CORE]: Incorrect key hordeWavesCanSpawnOnTrees was corrected from null to its default, false. 
[21Jul2026 18:36:45.419] [Server thread/WARN] [net.minecraftforge.common.ForgeConfigSpec/CORE]: Incorrect key hordeWavesCanSpawnInCaves was corrected from null to its default, false. 
[21Jul2026 18:36:45.420] [Server thread/WARN] [net.minecraftforge.common.ForgeConfigSpec/CORE]: Incorrect key caveSpawnDistance was corrected from null to its default, 50. 
[21Jul2026 18:36:45.420] [Server thread/WARN] [net.minecraftforge.common.ForgeConfigSpec/CORE]: Incorrect key blockLightLevelsInfluenceMonsterSpawns was corrected from null to its default, false. 
[21Jul2026 18:36:45.421] [Server thread/WARN] [net.minecraftforge.common.ForgeConfigSpec/CORE]: Incorrect key maxBlockLightLevelForMonsterSpawns was corrected from null to its default, 0. 
[21Jul2026 18:36:45.422] [Server thread/WARN] [net.minecraftforge.common.ForgeConfigSpec/CORE]: Incorrect key hordeNightsDisableSleeping was corrected from null to its default, true. 
[21Jul2026 18:36:45.423] [Server thread/WARN] [net.minecraftforge.common.ForgeConfigSpec/CORE]: Incorrect key enableAutomaticDifficultyProgression was corrected from null to its default, true. 
[21Jul2026 18:36:45.424] [Server thread/WARN] [net.minecraftforge.common.ForgeConfigSpec/CORE]: Incorrect key preventDespawnWhenInsideMaxTrackingRange was corrected from null to its default, false. 
[21Jul2026 18:36:45.425] [Server thread/WARN] [net.minecraftforge.common.ForgeConfigSpec/CORE]: Incorrect key persistentMobs was corrected from null to its default, false. 
[21Jul2026 18:36:45.425] [Server thread/WARN] [net.minecraftforge.common.ForgeConfigSpec/CORE]: Incorrect key securityCraftCompatibility was corrected from null to its default, false. 
[21Jul2026 18:36:45.426] [Server thread/WARN] [net.minecraftforge.common.ForgeConfigSpec/CORE]: Incorrect key hordeZombiesSpawnNaturally was corrected from null to its default, true. 
[21Jul2026 18:36:45.427] [Server thread/WARN] [net.minecraftforge.common.ForgeConfigSpec/CORE]: Incorrect key eliteZombiesSpawnNaturally was corrected from null to its default, true. 
[21Jul2026 18:36:45.428] [Server thread/WARN] [net.minecraftforge.common.ForgeConfigSpec/CORE]: Incorrect key demolitionZombiesSpawnNaturally was corrected from null to its default, true. 
[21Jul2026 18:36:45.429] [Server thread/WARN] [net.minecraftforge.common.ForgeConfigSpec/CORE]: Incorrect key noNaturalSpawningBeforeFirstHordeNight was corrected from null to its default, true. 
[21Jul2026 18:36:45.430] [Server thread/WARN] [net.minecraftforge.common.ForgeConfigSpec/CORE]: Incorrect key maxHealthHordeZombies was corrected from null to its default, 40.0. 
[21Jul2026 18:36:45.431] [Server thread/WARN] [net.minecraftforge.common.ForgeConfigSpec/CORE]: Incorrect key maxHealthEliteZombies was corrected from null to its default, 40.0. 
[21Jul2026 18:36:45.432] [Server thread/WARN] [net.minecraftforge.common.ForgeConfigSpec/CORE]: Incorrect key maxHealthDemolitionZombies was corrected from null to its default, 40.0. 
[21Jul2026 18:36:45.433] [Server thread/WARN] [net.minecraftforge.common.ForgeConfigSpec/CORE]: Incorrect key enableAsynchronousHordeSpawning was corrected from null to its default, false. 
[21Jul2026 18:36:45.433] [Server thread/WARN] [net.minecraftforge.common.ForgeConfigSpec/CORE]: Incorrect key printDebugMessages was corrected from null to its default, false. 
[21Jul2026 18:36:45.434] [Server thread/WARN] [net.minecraftforge.common.ForgeConfigSpec/CORE]: Incorrect key debugMakeHordeMobsGlow was corrected from null to its default, false. 
[21Jul2026 18:36:45.435] [Server thread/INFO] [net.petemc.undeadnights.UndeadNights/]: Loading undeadnights server config
[21Jul2026 18:36:45.437] [Server thread/WARN] [net.minecraftforge.common.ForgeConfigSpec/CORE]: Configuration file ./world/serverconfig/curios-server.toml is not correct. Correcting
[21Jul2026 18:36:45.437] [Server thread/WARN] [net.minecraftforge.common.ForgeConfigSpec/CORE]: Incorrect key keepCurios was corrected from null to its default, DEFAULT. 
[21Jul2026 18:36:45.438] [Server thread/WARN] [net.minecraftforge.common.ForgeConfigSpec/CORE]: Incorrect key menu was corrected from null to its default, SimpleCommentedConfig:{}. 
[21Jul2026 18:36:45.439] [Server thread/WARN] [net.minecraftforge.common.ForgeConfigSpec/CORE]: Incorrect key menu.enableLegacyMenu was corrected from null to its default, false. 
[21Jul2026 18:36:45.439] [Server thread/WARN] [net.minecraftforge.common.ForgeConfigSpec/CORE]: Incorrect key menu.experimental was corrected from null to its default, SimpleCommentedConfig:{}. 
[21Jul2026 18:36:45.439] [Server thread/WARN] [net.minecraftforge.common.ForgeConfigSpec/CORE]: Incorrect key menu.experimental.minimumColumns was corrected from null to its default, 1. 
[21Jul2026 18:36:45.439] [Server thread/WARN] [net.minecraftforge.common.ForgeConfigSpec/CORE]: Incorrect key menu.experimental.maxSlotsPerPage was corrected from null to its default, 48. 
[21Jul2026 18:36:45.441] [Server thread/WARN] [net.minecraftforge.common.ForgeConfigSpec/CORE]: Configuration file ./world/serverconfig/alekiships-server.toml is not correct. Correcting
[21Jul2026 18:36:45.441] [Server thread/WARN] [net.minecraftforge.common.ForgeConfigSpec/CORE]: Incorrect key windAffectsBoatsWithNoAnchor was corrected from null to its default, false. 
[21Jul2026 18:36:45.444] [Server thread/WARN] [net.minecraftforge.common.ForgeConfigSpec/CORE]: Configuration file ./world/serverconfig/scalinghealth-server.toml is not correct. Correcting
[21Jul2026 18:36:45.445] [Server thread/WARN] [net.minecraftforge.common.ForgeConfigSpec/CORE]: Incorrect key features was corrected from null to its default, SimpleCommentedConfig:{}. 
[21Jul2026 18:36:45.445] [Server thread/WARN] [net.minecraftforge.common.ForgeConfigSpec/CORE]: Incorrect key features.crystalsAddHealth was corrected from null to its default, true. 
[21Jul2026 18:36:45.445] [Server thread/WARN] [net.minecraftforge.common.ForgeConfigSpec/CORE]: Incorrect key features.xpAddHealth was corrected from null to its default, true. 
[21Jul2026 18:36:45.446] [Server thread/WARN] [net.minecraftforge.common.ForgeConfigSpec/CORE]: Incorrect key features.crystalsRegenHealth was corrected from null to its default, true. 
[21Jul2026 18:36:45.446] [Server thread/WARN] [net.minecraftforge.common.ForgeConfigSpec/CORE]: Incorrect key features.crystalsAddPetHealth was corrected from null to its default, true. 
[21Jul2026 18:36:45.446] [Server thread/WARN] [net.minecraftforge.common.ForgeConfigSpec/CORE]: Incorrect key features.crystalsAddDamage was corrected from null to its default, true. 
[21Jul2026 18:36:45.446] [Server thread/WARN] [net.minecraftforge.common.ForgeConfigSpec/CORE]: Incorrect key features.hpCrystalsOreGen was corrected from null to its default, true. 
[21Jul2026 18:36:45.447] [Server thread/WARN] [net.minecraftforge.common.ForgeConfigSpec/CORE]: Incorrect key features.powerCrystalsOreGen was corrected from null to its default, true. 
[21Jul2026 18:36:45.447] [Server thread/WARN] [net.minecraftforge.common.ForgeConfigSpec/CORE]: Incorrect key features.mobHpIncrease was corrected from null to its default, true. 
[21Jul2026 18:36:45.447] [Server thread/WARN] [net.minecraftforge.common.ForgeConfigSpec/CORE]: Incorrect key features.mobDamageIncrease was corrected from null to its default, true. 
[21Jul2026 18:36:45.448] [Server thread/WARN] [net.minecraftforge.common.ForgeConfigSpec/CORE]: Incorrect key features.playerDamageScaling was corrected from null to its default, true. 
[21Jul2026 18:36:45.448] [Server thread/WARN] [net.minecraftforge.common.ForgeConfigSpec/CORE]: Incorrect key features.mobDamageScaling was corrected from null to its default, true. 
[21Jul2026 18:36:45.448] [Server thread/WARN] [net.minecraftforge.common.ForgeConfigSpec/CORE]: Incorrect key features.enableDifficulty was corrected from null to its default, true. 
[21Jul2026 18:36:45.448] [Server thread/WARN] [net.minecraftforge.common.ForgeConfigSpec/CORE]: Incorrect key features.enableBlights was corrected from null to its default, true. 
[21Jul2026 18:36:45.449] [Server thread/WARN] [net.minecraftforge.common.ForgeConfigSpec/CORE]: Incorrect key debug was corrected from null to its default, SimpleCommentedConfig:{}. 
[21Jul2026 18:36:45.449] [Server thread/WARN] [net.minecraftforge.common.ForgeConfigSpec/CORE]: Incorrect key debug.masterSwitch was corrected from null to its default, false. 
[21Jul2026 18:36:45.450] [Server thread/WARN] [net.minecraftforge.common.ForgeConfigSpec/CORE]: Incorrect key debug.showOverlay was corrected from null to its default, true. 
[21Jul2026 18:36:45.450] [Server thread/WARN] [net.minecraftforge.common.ForgeConfigSpec/CORE]: Incorrect key debug.logEntitySpawns was corrected from null to its default, false. 
[21Jul2026 18:36:45.451] [Server thread/WARN] [net.minecraftforge.common.ForgeConfigSpec/CORE]: Incorrect key debug.logApplyingMobPotions was corrected from null to its default, false. 
[21Jul2026 18:36:45.451] [Server thread/WARN] [net.minecraftforge.common.ForgeConfigSpec/CORE]: Incorrect key debug.logDamageScaling was corrected from null to its default, false. 
[21Jul2026 18:36:45.453] [Server thread/WARN] [net.minecraftforge.common.ForgeConfigSpec/CORE]: Configuration file ./world/serverconfig/jei-server.toml is not correct. Correcting
[21Jul2026 18:36:45.454] [Server thread/WARN] [net.minecraftforge.common.ForgeConfigSpec/CORE]: Incorrect key cheat mode was corrected from null to its default, SimpleCommentedConfig:{}. 
[21Jul2026 18:36:45.454] [Server thread/WARN] [net.minecraftforge.common.ForgeConfigSpec/CORE]: Incorrect key cheat mode.enableCheatModeForOp was corrected from null to its default, true. 
[21Jul2026 18:36:45.455] [Server thread/WARN] [net.minecraftforge.common.ForgeConfigSpec/CORE]: Incorrect key cheat mode.enableCheatModeForCreative was corrected from null to its default, true. 
[21Jul2026 18:36:45.455] [Server thread/WARN] [net.minecraftforge.common.ForgeConfigSpec/CORE]: Incorrect key cheat mode.enableCheatModeForGive was corrected from null to its default, false. 
[21Jul2026 18:36:45.471] [Server thread/INFO] [Enchanting Infuser API/]: Set new EnchantStatsProvider for mod apotheosis
[21Jul2026 18:36:45.472] [Server thread/INFO] [Puzzles Lib/]: Loading server config for enchantinginfuser
[21Jul2026 18:36:45.474] [Server thread/WARN] [net.minecraftforge.common.ForgeConfigSpec/CORE]: Configuration file ./world/serverconfig/mutantszombies-server.toml is not correct. Correcting
[21Jul2026 18:36:45.475] [Server thread/WARN] [net.minecraftforge.common.ForgeConfigSpec/CORE]: Incorrect key blisterZombiesSpawnNaturally was corrected from null to its default, true. 
[21Jul2026 18:36:45.476] [Server thread/WARN] [net.minecraftforge.common.ForgeConfigSpec/CORE]: Incorrect key crawlersSpawnNaturally was corrected from null to its default, true. 
[21Jul2026 18:36:45.477] [Server thread/WARN] [net.minecraftforge.common.ForgeConfigSpec/CORE]: Incorrect key spitterZombiesSpawnNaturally was corrected from null to its default, true. 
[21Jul2026 18:36:45.478] [Server thread/WARN] [net.minecraftforge.common.ForgeConfigSpec/CORE]: Incorrect key zombieBrutesSpawnNaturally was corrected from null to its default, true. 
[21Jul2026 18:36:45.479] [Server thread/WARN] [net.minecraftforge.common.ForgeConfigSpec/CORE]: Incorrect key splitHeadZombieSpawnNaturally was corrected from null to its default, true. 
[21Jul2026 18:36:45.481] [Server thread/WARN] [net.minecraftforge.common.ForgeConfigSpec/CORE]: Incorrect key mutantBrutesSpawnNaturally was corrected from null to its default, true. 
[21Jul2026 18:36:45.482] [Server thread/WARN] [net.minecraftforge.common.ForgeConfigSpec/CORE]: Incorrect key rottenMutantSpawnNaturally was corrected from null to its default, true. 
[21Jul2026 18:36:45.483] [Server thread/WARN] [net.minecraftforge.common.ForgeConfigSpec/CORE]: Incorrect key spittersBreakLogsAndLeavesAroundThem was corrected from null to its default, false. 
[21Jul2026 18:36:45.484] [Server thread/WARN] [net.minecraftforge.common.ForgeConfigSpec/CORE]: Incorrect key zombieBrutesBreakLogsAndLeavesAroundThem was corrected from null to its default, false. 
[21Jul2026 18:36:45.486] [Server thread/WARN] [net.minecraftforge.common.ForgeConfigSpec/CORE]: Incorrect key mutantBrutesBreakLogsAndLeavesAroundThem was corrected from null to its default, false. 
[21Jul2026 18:36:45.488] [Server thread/INFO] [net.petemc.mutantszombies.MutantsZombies/]: Loading mutantszombies server config
[21Jul2026 18:36:45.489] [Server thread/WARN] [net.minecraftforge.common.ForgeConfigSpec/CORE]: Configuration file ./world/serverconfig/forge-server.toml is not correct. Correcting
[21Jul2026 18:36:45.489] [Server thread/WARN] [net.minecraftforge.common.ForgeConfigSpec/CORE]: Incorrect key server was corrected from null to its default, SimpleCommentedConfig:{}. 
[21Jul2026 18:36:45.489] [Server thread/WARN] [net.minecraftforge.common.ForgeConfigSpec/CORE]: Incorrect key server.removeErroringBlockEntities was corrected from null to its default, false. 
[21Jul2026 18:36:45.490] [Server thread/WARN] [net.minecraftforge.common.ForgeConfigSpec/CORE]: Incorrect key server.removeErroringEntities was corrected from null to its default, false. 
[21Jul2026 18:36:45.490] [Server thread/WARN] [net.minecraftforge.common.ForgeConfigSpec/CORE]: Incorrect key server.fullBoundingBoxLadders was corrected from null to its default, false. 
[21Jul2026 18:36:45.490] [Server thread/WARN] [net.minecraftforge.common.ForgeConfigSpec/CORE]: Incorrect key server.zombieBaseSummonChance was corrected from null to its default, 0.1. 
[21Jul2026 18:36:45.490] [Server thread/WARN] [net.minecraftforge.common.ForgeConfigSpec/CORE]: Incorrect key server.zombieBabyChance was corrected from null to its default, 0.05. 
[21Jul2026 18:36:45.490] [Server thread/WARN] [net.minecraftforge.common.ForgeConfigSpec/CORE]: Incorrect key server.permissionHandler was corrected from null to its default, forge:default_handler. 
[21Jul2026 18:36:45.490] [Server thread/WARN] [net.minecraftforge.common.ForgeConfigSpec/CORE]: Incorrect key server.advertiseDedicatedServerToLan was corrected from null to its default, true. 
[21Jul2026 18:36:45.491] [Server thread/WARN] [net.minecraftforge.common.ForgeConfigSpec/CORE]: Incorrect key server.useItemWithDurationZero was corrected from null to its default, false. 
[21Jul2026 18:36:45.578] [Server thread/WARN] [net.minecraftforge.common.ForgeConfigSpec/CORE]: Configuration file ./world/serverconfig/sophisticatedbackpacks-server.toml is not correct. Correcting
[21Jul2026 18:36:45.578] [Server thread/WARN] [net.minecraftforge.common.ForgeConfigSpec/CORE]: Incorrect key server was corrected from null to its default, SimpleCommentedConfig:{}. 
[21Jul2026 18:36:45.579] [Server thread/WARN] [net.minecraftforge.common.ForgeConfigSpec/CORE]: Incorrect key server.disallowedItems was corrected from null to its default, []. 
[21Jul2026 18:36:45.579] [Server thread/WARN] [net.minecraftforge.common.ForgeConfigSpec/CORE]: Incorrect key server.containerItemsDisallowed was corrected from null to its default, false. 
[21Jul2026 18:36:45.579] [Server thread/WARN] [net.minecraftforge.common.ForgeConfigSpec/CORE]: Incorrect key server.noInteractionBlocks was corrected from null to its default, []. 
[21Jul2026 18:36:45.579] [Server thread/WARN] [net.minecraftforge.common.ForgeConfigSpec/CORE]: Incorrect key server.noConnectionBlocks was corrected from null to its default, []. 
[21Jul2026 18:36:45.579] [Server thread/WARN] [net.minecraftforge.common.ForgeConfigSpec/CORE]: Incorrect key server.allBlockConnectionsDisallowed was corrected from null to its default, false. 
[21Jul2026 18:36:45.580] [Server thread/WARN] [net.minecraftforge.common.ForgeConfigSpec/CORE]: Incorrect key server.leatherBackpack was corrected from null to its default, SimpleCommentedConfig:{}. 
[21Jul2026 18:36:45.580] [Server thread/WARN] [net.minecraftforge.common.ForgeConfigSpec/CORE]: Incorrect key server.leatherBackpack.inventorySlotCount was corrected from null to its default, 27. 
[21Jul2026 18:36:45.580] [Server thread/WARN] [net.minecraftforge.common.ForgeConfigSpec/CORE]: Incorrect key server.leatherBackpack.upgradeSlotCount was corrected from null to its default, 1. 
[21Jul2026 18:36:45.580] [Server thread/WARN] [net.minecraftforge.common.ForgeConfigSpec/CORE]: Incorrect key server.copperBackpack was corrected from null to its default, SimpleCommentedConfig:{}. 
[21Jul2026 18:36:45.580] [Server thread/WARN] [net.minecraftforge.common.ForgeConfigSpec/CORE]: Incorrect key server.copperBackpack.inventorySlotCount was corrected from null to its default, 45. 
[21Jul2026 18:36:45.580] [Server thread/WARN] [net.minecraftforge.common.ForgeConfigSpec/CORE]: Incorrect key server.copperBackpack.upgradeSlotCount was corrected from null to its default, 1. 
[21Jul2026 18:36:45.581] [Server thread/WARN] [net.minecraftforge.common.ForgeConfigSpec/CORE]: Incorrect key server.ironBackpack was corrected from null to its default, SimpleCommentedConfig:{}. 
[21Jul2026 18:36:45.582] [Server thread/WARN] [net.minecraftforge.common.ForgeConfigSpec/CORE]: Incorrect key server.ironBackpack.inventorySlotCount was corrected from null to its default, 54. 
[21Jul2026 18:36:45.582] [Server thread/WARN] [net.minecraftforge.common.ForgeConfigSpec/CORE]: Incorrect key server.ironBackpack.upgradeSlotCount was corrected from null to its default, 2. 
[21Jul2026 18:36:45.583] [Server thread/WARN] [net.minecraftforge.common.ForgeConfigSpec/CORE]: Incorrect key server.goldBackpack was corrected from null to its default, SimpleCommentedConfig:{}. 
[21Jul2026 18:36:45.583] [Server thread/WARN] [net.minecraftforge.common.ForgeConfigSpec/CORE]: Incorrect key server.goldBackpack.inventorySlotCount was corrected from null to its default, 81. 
[21Jul2026 18:36:45.584] [Server thread/WARN] [net.minecraftforge.common.ForgeConfigSpec/CORE]: Incorrect key server.goldBackpack.upgradeSlotCount was corrected from null to its default, 3. 
[21Jul2026 18:36:45.584] [Server thread/WARN] [net.minecraftforge.common.ForgeConfigSpec/CORE]: Incorrect key server.diamondBackpack was corrected from null to its default, SimpleCommentedConfig:{}. 
[21Jul2026 18:36:45.585] [Server thread/WARN] [net.minecraftforge.common.ForgeConfigSpec/CORE]: Incorrect key server.diamondBackpack.inventorySlotCount was corrected from null to its default, 108. 
[21Jul2026 18:36:45.585] [Server thread/WARN] [net.minecraftforge.common.ForgeConfigSpec/CORE]: Incorrect key server.diamondBackpack.upgradeSlotCount was corrected from null to its default, 5. 
[21Jul2026 18:36:45.586] [Server thread/WARN] [net.minecraftforge.common.ForgeConfigSpec/CORE]: Incorrect key server.netheriteBackpack was corrected from null to its default, SimpleCommentedConfig:{}. 
[21Jul2026 18:36:45.586] [Server thread/WARN] [net.minecraftforge.common.ForgeConfigSpec/CORE]: Incorrect key server.netheriteBackpack.inventorySlotCount was corrected from null to its default, 120. 
[21Jul2026 18:36:45.586] [Server thread/WARN] [net.minecraftforge.common.ForgeConfigSpec/CORE]: Incorrect key server.netheriteBackpack.upgradeSlotCount was corrected from null to its default, 7. 
[21Jul2026 18:36:45.587] [Server thread/WARN] [net.minecraftforge.common.ForgeConfigSpec/CORE]: Incorrect key server.compactingUpgrade was corrected from null to its default, SimpleCommentedConfig:{}. 
[21Jul2026 18:36:45.587] [Server thread/WARN] [net.minecraftforge.common.ForgeConfigSpec/CORE]: Incorrect key server.compactingUpgrade.filterSlots was corrected from null to its default, 9. 
[21Jul2026 18:36:45.588] [Server thread/WARN] [net.minecraftforge.common.ForgeConfigSpec/CORE]: Incorrect key server.compactingUpgrade.slotsInRow was corrected from null to its default, 3. 
[21Jul2026 18:36:45.588] [Server thread/WARN] [net.minecraftforge.common.ForgeConfigSpec/CORE]: Incorrect key server.advancedCompactingUpgrade was corrected from null to its default, SimpleCommentedConfig:{}. 
[21Jul2026 18:36:45.589] [Server thread/WARN] [net.minecraftforge.common.ForgeConfigSpec/CORE]: Incorrect key server.advancedCompactingUpgrade.filterSlots was corrected from null to its default, 16. 
[21Jul2026 18:36:45.589] [Server thread/WARN] [net.minecraftforge.common.ForgeConfigSpec/CORE]: Incorrect key server.advancedCompactingUpgrade.slotsInRow was corrected from null to its default, 4. 
[21Jul2026 18:36:45.589] [Server thread/WARN] [net.minecraftforge.common.ForgeConfigSpec/CORE]: Incorrect key server.depositUpgrade was corrected from null to its default, SimpleCommentedConfig:{}. 
[21Jul2026 18:36:45.590] [Server thread/WARN] [net.minecraftforge.common.ForgeConfigSpec/CORE]: Incorrect key server.depositUpgrade.filterSlots was corrected from null to its default, 9. 
[21Jul2026 18:36:45.590] [Server thread/WARN] [net.minecraftforge.common.ForgeConfigSpec/CORE]: Incorrect key server.depositUpgrade.slotsInRow was corrected from null to its default, 3. 
[21Jul2026 18:36:45.591] [Server thread/WARN] [net.minecraftforge.common.ForgeConfigSpec/CORE]: Incorrect key server.advancedDepositUpgrade was corrected from null to its default, SimpleCommentedConfig:{}. 
[21Jul2026 18:36:45.591] [Server thread/WARN] [net.minecraftforge.common.ForgeConfigSpec/CORE]: Incorrect key server.advancedDepositUpgrade.filterSlots was corrected from null to its default, 16. 
[21Jul2026 18:36:45.591] [Server thread/WARN] [net.minecraftforge.common.ForgeConfigSpec/CORE]: Incorrect key server.advancedDepositUpgrade.slotsInRow was corrected from null to its default, 4. 
[21Jul2026 18:36:45.592] [Server thread/WARN] [net.minecraftforge.common.ForgeConfigSpec/CORE]: Incorrect key server.feedingUpgrade was corrected from null to its default, SimpleCommentedConfig:{}. 
[21Jul2026 18:36:45.592] [Server thread/WARN] [net.minecraftforge.common.ForgeConfigSpec/CORE]: Incorrect key server.feedingUpgrade.filterSlots was corrected from null to its default, 9. 
[21Jul2026 18:36:45.593] [Server thread/WARN] [net.minecraftforge.common.ForgeConfigSpec/CORE]: Incorrect key server.feedingUpgrade.slotsInRow was corrected from null to its default, 3. 
[21Jul2026 18:36:45.593] [Server thread/WARN] [net.minecraftforge.common.ForgeConfigSpec/CORE]: Incorrect key server.advancedFeedingUpgrade was corrected from null to its default, SimpleCommentedConfig:{}. 
[21Jul2026 18:36:45.594] [Server thread/WARN] [net.minecraftforge.common.ForgeConfigSpec/CORE]: Incorrect key server.advancedFeedingUpgrade.filterSlots was corrected from null to its default, 16. 
[21Jul2026 18:36:45.594] [Server thread/WARN] [net.minecraftforge.common.ForgeConfigSpec/CORE]: Incorrect key server.advancedFeedingUpgrade.slotsInRow was corrected from null to its default, 4. 
[21Jul2026 18:36:45.595] [Server thread/WARN] [net.minecraftforge.common.ForgeConfigSpec/CORE]: Incorrect key server.filterUpgrade was corrected from null to its default, SimpleCommentedConfig:{}. 
[21Jul2026 18:36:45.595] [Server thread/WARN] [net.minecraftforge.common.ForgeConfigSpec/CORE]: Incorrect key server.filterUpgrade.filterSlots was corrected from null to its default, 9. 
[21Jul2026 18:36:45.596] [Server thread/WARN] [net.minecraftforge.common.ForgeConfigSpec/CORE]: Incorrect key server.filterUpgrade.slotsInRow was corrected from null to its default, 3. 
[21Jul2026 18:36:45.596] [Server thread/WARN] [net.minecraftforge.common.ForgeConfigSpec/CORE]: Incorrect key server.advancedFilterUpgrade was corrected from null to its default, SimpleCommentedConfig:{}. 
[21Jul2026 18:36:45.597] [Server thread/WARN] [net.minecraftforge.common.ForgeConfigSpec/CORE]: Incorrect key server.advancedFilterUpgrade.filterSlots was corrected from null to its default, 16. 
[21Jul2026 18:36:45.597] [Server thread/WARN] [net.minecraftforge.common.ForgeConfigSpec/CORE]: Incorrect key server.advancedFilterUpgrade.slotsInRow was corrected from null to its default, 4. 
[21Jul2026 18:36:45.598] [Server thread/WARN] [net.minecraftforge.common.ForgeConfigSpec/CORE]: Incorrect key server.magnetUpgrade was corrected from null to its default, SimpleCommentedConfig:{}. 
[21Jul2026 18:36:45.598] [Server thread/WARN] [net.minecraftforge.common.ForgeConfigSpec/CORE]: Incorrect key server.magnetUpgrade.filterSlots was corrected from null to its default, 9. 
[21Jul2026 18:36:45.598] [Server thread/WARN] [net.minecraftforge.common.ForgeConfigSpec/CORE]: Incorrect key server.magnetUpgrade.slotsInRow was corrected from null to its default, 3. 
[21Jul2026 18:36:45.599] [Server thread/WARN] [net.minecraftforge.common.ForgeConfigSpec/CORE]: Incorrect key server.magnetUpgrade.magnetRange was corrected from null to its default, 3. 
[21Jul2026 18:36:45.599] [Server thread/WARN] [net.minecraftforge.common.ForgeConfigSpec/CORE]: Incorrect key server.advancedMagnetUpgrade was corrected from null to its default, SimpleCommentedConfig:{}. 
[21Jul2026 18:36:45.599] [Server thread/WARN] [net.minecraftforge.common.ForgeConfigSpec/CORE]: Incorrect key server.advancedMagnetUpgrade.filterSlots was corrected from null to its default, 16. 
[21Jul2026 18:36:45.599] [Server thread/WARN] [net.minecraftforge.common.ForgeConfigSpec/CORE]: Incorrect key server.advancedMagnetUpgrade.slotsInRow was corrected from null to its default, 4. 
[21Jul2026 18:36:45.600] [Server thread/WARN] [net.minecraftforge.common.ForgeConfigSpec/CORE]: Incorrect key server.advancedMagnetUpgrade.magnetRange was corrected from null to its default, 5. 
[21Jul2026 18:36:45.601] [Server thread/WARN] [net.minecraftforge.common.ForgeConfigSpec/CORE]: Incorrect key server.pickupUpgrade was corrected from null to its default, SimpleCommentedConfig:{}. 
[21Jul2026 18:36:45.601] [Server thread/WARN] [net.minecraftforge.common.ForgeConfigSpec/CORE]: Incorrect key server.pickupUpgrade.filterSlots was corrected from null to its default, 9. 
[21Jul2026 18:36:45.601] [Server thread/WARN] [net.minecraftforge.common.ForgeConfigSpec/CORE]: Incorrect key server.pickupUpgrade.slotsInRow was corrected from null to its default, 3. 
[21Jul2026 18:36:45.602] [Server thread/WARN] [net.minecraftforge.common.ForgeConfigSpec/CORE]: Incorrect key server.advancedPickupUpgrade was corrected from null to its default, SimpleCommentedConfig:{}. 
[21Jul2026 18:36:45.602] [Server thread/WARN] [net.minecraftforge.common.ForgeConfigSpec/CORE]: Incorrect key server.advancedPickupUpgrade.filterSlots was corrected from null to its default, 16. 
[21Jul2026 18:36:45.603] [Server thread/WARN] [net.minecraftforge.common.ForgeConfigSpec/CORE]: Incorrect key server.advancedPickupUpgrade.slotsInRow was corrected from null to its default, 4. 
[21Jul2026 18:36:45.603] [Server thread/WARN] [net.minecraftforge.common.ForgeConfigSpec/CORE]: Incorrect key server.refillUpgrade was corrected from null to its default, SimpleCommentedConfig:{}. 
[21Jul2026 18:36:45.603] [Server thread/WARN] [net.minecraftforge.common.ForgeConfigSpec/CORE]: Incorrect key server.refillUpgrade.filterSlots was corrected from null to its default, 6. 
[21Jul2026 18:36:45.604] [Server thread/WARN] [net.minecraftforge.common.ForgeConfigSpec/CORE]: Incorrect key server.refillUpgrade.slotsInRow was corrected from null to its default, 3. 
[21Jul2026 18:36:45.604] [Server thread/WARN] [net.minecraftforge.common.ForgeConfigSpec/CORE]: Incorrect key server.advancedRefillUpgrade was corrected from null to its default, SimpleCommentedConfig:{}. 
[21Jul2026 18:36:45.605] [Server thread/WARN] [net.minecraftforge.common.ForgeConfigSpec/CORE]: Incorrect key server.advancedRefillUpgrade.filterSlots was corrected from null to its default, 12. 
[21Jul2026 18:36:45.605] [Server thread/WARN] [net.minecraftforge.common.ForgeConfigSpec/CORE]: Incorrect key server.advancedRefillUpgrade.slotsInRow was corrected from null to its default, 4. 
[21Jul2026 18:36:45.606] [Server thread/WARN] [net.minecraftforge.common.ForgeConfigSpec/CORE]: Incorrect key server.restockUpgrade was corrected from null to its default, SimpleCommentedConfig:{}. 
[21Jul2026 18:36:45.606] [Server thread/WARN] [net.minecraftforge.common.ForgeConfigSpec/CORE]: Incorrect key server.restockUpgrade.filterSlots was corrected from null to its default, 9. 
[21Jul2026 18:36:45.606] [Server thread/WARN] [net.minecraftforge.common.ForgeConfigSpec/CORE]: Incorrect key server.restockUpgrade.slotsInRow was corrected from null to its default, 3. 
[21Jul2026 18:36:45.607] [Server thread/WARN] [net.minecraftforge.common.ForgeConfigSpec/CORE]: Incorrect key server.advancedRestockUpgrade was corrected from null to its default, SimpleCommentedConfig:{}. 
[21Jul2026 18:36:45.607] [Server thread/WARN] [net.minecraftforge.common.ForgeConfigSpec/CORE]: Incorrect key server.advancedRestockUpgrade.filterSlots was corrected from null to its default, 16. 
[21Jul2026 18:36:45.607] [Server thread/WARN] [net.minecraftforge.common.ForgeConfigSpec/CORE]: Incorrect key server.advancedRestockUpgrade.slotsInRow was corrected from null to its default, 4. 
[21Jul2026 18:36:45.608] [Server thread/WARN] [net.minecraftforge.common.ForgeConfigSpec/CORE]: Incorrect key server.voidUpgrade was corrected from null to its default, SimpleCommentedConfig:{}. 
[21Jul2026 18:36:45.608] [Server thread/WARN] [net.minecraftforge.common.ForgeConfigSpec/CORE]: Incorrect key server.voidUpgrade.filterSlots was corrected from null to its default, 9. 
[21Jul2026 18:36:45.608] [Server thread/WARN] [net.minecraftforge.common.ForgeConfigSpec/CORE]: Incorrect key server.voidUpgrade.slotsInRow was corrected from null to its default, 3. 
[21Jul2026 18:36:45.609] [Server thread/WARN] [net.minecraftforge.common.ForgeConfigSpec/CORE]: Incorrect key server.voidUpgrade.voidAlwaysEnabled was corrected from null to its default, true. 
[21Jul2026 18:36:45.609] [Server thread/WARN] [net.minecraftforge.common.ForgeConfigSpec/CORE]: Incorrect key server.advancedVoidUpgrade was corrected from null to its default, SimpleCommentedConfig:{}. 
[21Jul2026 18:36:45.610] [Server thread/WARN] [net.minecraftforge.common.ForgeConfigSpec/CORE]: Incorrect key server.advancedVoidUpgrade.filterSlots was corrected from null to its default, 16. 
[21Jul2026 18:36:45.610] [Server thread/WARN] [net.minecraftforge.common.ForgeConfigSpec/CORE]: Incorrect key server.advancedVoidUpgrade.slotsInRow was corrected from null to its default, 4. 
[21Jul2026 18:36:45.610] [Server thread/WARN] [net.minecraftforge.common.ForgeConfigSpec/CORE]: Incorrect key server.advancedVoidUpgrade.voidAlwaysEnabled was corrected from null to its default, true. 
[21Jul2026 18:36:45.611] [Server thread/WARN] [net.minecraftforge.common.ForgeConfigSpec/CORE]: Incorrect key server.stackUpgrade was corrected from null to its default, SimpleCommentedConfig:{}. 
[21Jul2026 18:36:45.612] [Server thread/WARN] [net.minecraftforge.common.ForgeConfigSpec/CORE]: Incorrect key server.stackUpgrade.nonStackableItems was corrected from null to its default, [minecraft:bundle, minecraft:shulker_box, minecraft:white_shulker_box, minecraft:orange_shulker_box, minecraft:magenta_shulker_box, minecraft:light_blue_shulker_box, minecraft:yellow_shulker_box, minecraft:lime_shulker_box, minecraft:pink_shulker_box, minecraft:gray_shulker_box, minecraft:light_gray_shulker_box, minecraft:cyan_shulker_box, minecraft:purple_shulker_box, minecraft:blue_shulker_box, minecraft:brown_shulker_box, minecraft:green_shulker_box, minecraft:red_shulker_box, minecraft:black_shulker_box]. 
[21Jul2026 18:36:45.612] [Server thread/WARN] [net.minecraftforge.common.ForgeConfigSpec/CORE]: Incorrect key server.smeltingUpgrade was corrected from null to its default, SimpleCommentedConfig:{}. 
[21Jul2026 18:36:45.612] [Server thread/WARN] [net.minecraftforge.common.ForgeConfigSpec/CORE]: Incorrect key server.smeltingUpgrade.smeltingSpeedMultiplier was corrected from null to its default, 1.0. 
[21Jul2026 18:36:45.613] [Server thread/WARN] [net.minecraftforge.common.ForgeConfigSpec/CORE]: Incorrect key server.smeltingUpgrade.fuelEfficiencyMultiplier was corrected from null to its default, 1.0. 
[21Jul2026 18:36:45.614] [Server thread/WARN] [net.minecraftforge.common.ForgeConfigSpec/CORE]: Incorrect key server.smokingUpgrade was corrected from null to its default, SimpleCommentedConfig:{}. 
[21Jul2026 18:36:45.614] [Server thread/WARN] [net.minecraftforge.common.ForgeConfigSpec/CORE]: Incorrect key server.smokingUpgrade.smeltingSpeedMultiplier was corrected from null to its default, 1.0. 
[21Jul2026 18:36:45.614] [Server thread/WARN] [net.minecraftforge.common.ForgeConfigSpec/CORE]: Incorrect key server.smokingUpgrade.fuelEfficiencyMultiplier was corrected from null to its default, 1.0. 
[21Jul2026 18:36:45.615] [Server thread/WARN] [net.minecraftforge.common.ForgeConfigSpec/CORE]: Incorrect key server.blastingUpgrade was corrected from null to its default, SimpleCommentedConfig:{}. 
[21Jul2026 18:36:45.615] [Server thread/WARN] [net.minecraftforge.common.ForgeConfigSpec/CORE]: Incorrect key server.blastingUpgrade.smeltingSpeedMultiplier was corrected from null to its default, 1.0. 
[21Jul2026 18:36:45.616] [Server thread/WARN] [net.minecraftforge.common.ForgeConfigSpec/CORE]: Incorrect key server.blastingUpgrade.fuelEfficiencyMultiplier was corrected from null to its default, 1.0. 
[21Jul2026 18:36:45.616] [Server thread/WARN] [net.minecraftforge.common.ForgeConfigSpec/CORE]: Incorrect key server.autoSmeltingUpgrade was corrected from null to its default, SimpleCommentedConfig:{}. 
[21Jul2026 18:36:45.616] [Server thread/WARN] [net.minecraftforge.common.ForgeConfigSpec/CORE]: Incorrect key server.autoSmeltingUpgrade.smeltingSpeedMultiplier was corrected from null to its default, 1.0. 
[21Jul2026 18:36:45.617] [Server thread/WARN] [net.minecraftforge.common.ForgeConfigSpec/CORE]: Incorrect key server.autoSmeltingUpgrade.fuelEfficiencyMultiplier was corrected from null to its default, 1.0. 
[21Jul2026 18:36:45.617] [Server thread/WARN] [net.minecraftforge.common.ForgeConfigSpec/CORE]: Incorrect key server.autoSmeltingUpgrade.inputFilterSlots was corrected from null to its default, 8. 
[21Jul2026 18:36:45.618] [Server thread/WARN] [net.minecraftforge.common.ForgeConfigSpec/CORE]: Incorrect key server.autoSmeltingUpgrade.inputFilterSlotsInRow was corrected from null to its default, 4. 
[21Jul2026 18:36:45.618] [Server thread/WARN] [net.minecraftforge.common.ForgeConfigSpec/CORE]: Incorrect key server.autoSmeltingUpgrade.fuelFilterSlots was corrected from null to its default, 4. 
[21Jul2026 18:36:45.619] [Server thread/WARN] [net.minecraftforge.common.ForgeConfigSpec/CORE]: Incorrect key server.autoSmeltingUpgrade.fuelFilterSlotsInRow was corrected from null to its default, 4. 
[21Jul2026 18:36:45.619] [Server thread/WARN] [net.minecraftforge.common.ForgeConfigSpec/CORE]: Incorrect key server.autoSmokingUpgrade was corrected from null to its default, SimpleCommentedConfig:{}. 
[21Jul2026 18:36:45.619] [Server thread/WARN] [net.minecraftforge.common.ForgeConfigSpec/CORE]: Incorrect key server.autoSmokingUpgrade.smeltingSpeedMultiplier was corrected from null to its default, 1.0. 
[21Jul2026 18:36:45.620] [Server thread/WARN] [net.minecraftforge.common.ForgeConfigSpec/CORE]: Incorrect key server.autoSmokingUpgrade.fuelEfficiencyMultiplier was corrected from null to its default, 1.0. 
[21Jul2026 18:36:45.620] [Server thread/WARN] [net.minecraftforge.common.ForgeConfigSpec/CORE]: Incorrect key server.autoSmokingUpgrade.inputFilterSlots was corrected from null to its default, 8. 
[21Jul2026 18:36:45.620] [Server thread/WARN] [net.minecraftforge.common.ForgeConfigSpec/CORE]: Incorrect key server.autoSmokingUpgrade.inputFilterSlotsInRow was corrected from null to its default, 4. 
[21Jul2026 18:36:45.620] [Server thread/WARN] [net.minecraftforge.common.ForgeConfigSpec/CORE]: Incorrect key server.autoSmokingUpgrade.fuelFilterSlots was corrected from null to its default, 4. 
[21Jul2026 18:36:45.620] [Server thread/WARN] [net.minecraftforge.common.ForgeConfigSpec/CORE]: Incorrect key server.autoSmokingUpgrade.fuelFilterSlotsInRow was corrected from null to its default, 4. 
[21Jul2026 18:36:45.621] [Server thread/WARN] [net.minecraftforge.common.ForgeConfigSpec/CORE]: Incorrect key server.autoBlastingUpgrade was corrected from null to its default, SimpleCommentedConfig:{}. 
[21Jul2026 18:36:45.621] [Server thread/WARN] [net.minecraftforge.common.ForgeConfigSpec/CORE]: Incorrect key server.autoBlastingUpgrade.smeltingSpeedMultiplier was corrected from null to its default, 1.0. 
[21Jul2026 18:36:45.622] [Server thread/WARN] [net.minecraftforge.common.ForgeConfigSpec/CORE]: Incorrect key server.autoBlastingUpgrade.fuelEfficiencyMultiplier was corrected from null to its default, 1.0. 
[21Jul2026 18:36:45.622] [Server thread/WARN] [net.minecraftforge.common.ForgeConfigSpec/CORE]: Incorrect key server.autoBlastingUpgrade.inputFilterSlots was corrected from null to its default, 8. 
[21Jul2026 18:36:45.623] [Server thread/WARN] [net.minecraftforge.common.ForgeConfigSpec/CORE]: Incorrect key server.autoBlastingUpgrade.inputFilterSlotsInRow was corrected from null to its default, 4. 
[21Jul2026 18:36:45.624] [Server thread/WARN] [net.minecraftforge.common.ForgeConfigSpec/CORE]: Incorrect key server.autoBlastingUpgrade.fuelFilterSlots was corrected from null to its default, 4. 
[21Jul2026 18:36:45.624] [Server thread/WARN] [net.minecraftforge.common.ForgeConfigSpec/CORE]: Incorrect key server.autoBlastingUpgrade.fuelFilterSlotsInRow was corrected from null to its default, 4. 
[21Jul2026 18:36:45.625] [Server thread/WARN] [net.minecraftforge.common.ForgeConfigSpec/CORE]: Incorrect key server.inceptionUpgrade was corrected from null to its default, SimpleCommentedConfig:{}. 
[21Jul2026 18:36:45.625] [Server thread/WARN] [net.minecraftforge.common.ForgeConfigSpec/CORE]: Incorrect key server.inceptionUpgrade.upgradesUseInventoriesOfBackpacksInBackpack was corrected from null to its default, true. 
[21Jul2026 18:36:45.626] [Server thread/WARN] [net.minecraftforge.common.ForgeConfigSpec/CORE]: Incorrect key server.inceptionUpgrade.upgradesInContainedBackpacksAreFunctional was corrected from null to its default, true. 
[21Jul2026 18:36:45.626] [Server thread/WARN] [net.minecraftforge.common.ForgeConfigSpec/CORE]: Incorrect key server.toolSwapperUpgrade was corrected from null to its default, SimpleCommentedConfig:{}. 
[21Jul2026 18:36:45.626] [Server thread/WARN] [net.minecraftforge.common.ForgeConfigSpec/CORE]: Incorrect key server.toolSwapperUpgrade.filterSlots was corrected from null to its default, 8. 
[21Jul2026 18:36:45.627] [Server thread/WARN] [net.minecraftforge.common.ForgeConfigSpec/CORE]: Incorrect key server.toolSwapperUpgrade.slotsInRow was corrected from null to its default, 4. 
[21Jul2026 18:36:45.627] [Server thread/WARN] [net.minecraftforge.common.ForgeConfigSpec/CORE]: Incorrect key server.tankUpgrade was corrected from null to its default, SimpleCommentedConfig:{}. 
[21Jul2026 18:36:45.628] [Server thread/WARN] [net.minecraftforge.common.ForgeConfigSpec/CORE]: Incorrect key server.tankUpgrade.capacityPerSlotRow was corrected from null to its default, 4000. 
[21Jul2026 18:36:45.628] [Server thread/WARN] [net.minecraftforge.common.ForgeConfigSpec/CORE]: Incorrect key server.tankUpgrade.stackMultiplierRatio was corrected from null to its default, 1.0. 
[21Jul2026 18:36:45.628] [Server thread/WARN] [net.minecraftforge.common.ForgeConfigSpec/CORE]: Incorrect key server.tankUpgrade.autoFillDrainContainerCooldown was corrected from null to its default, 20. 
[21Jul2026 18:36:45.629] [Server thread/WARN] [net.minecraftforge.common.ForgeConfigSpec/CORE]: Incorrect key server.tankUpgrade.maxInputOutput was corrected from null to its default, 20. 
[21Jul2026 18:36:45.629] [Server thread/WARN] [net.minecraftforge.common.ForgeConfigSpec/CORE]: Incorrect key server.tankUpgrade.energyPerSlotRow was corrected from null to its default, 10000. 
[21Jul2026 18:36:45.630] [Server thread/WARN] [net.minecraftforge.common.ForgeConfigSpec/CORE]: Incorrect key server.pumpUpgrade was corrected from null to its default, SimpleCommentedConfig:{}. 
[21Jul2026 18:36:45.630] [Server thread/WARN] [net.minecraftforge.common.ForgeConfigSpec/CORE]: Incorrect key server.pumpUpgrade.filterSlots was corrected from null to its default, 4. 
[21Jul2026 18:36:45.631] [Server thread/WARN] [net.minecraftforge.common.ForgeConfigSpec/CORE]: Incorrect key server.pumpUpgrade.maxInputOutput was corrected from null to its default, 20. 
[21Jul2026 18:36:45.631] [Server thread/WARN] [net.minecraftforge.common.ForgeConfigSpec/CORE]: Incorrect key server.pumpUpgrade.stackMultiplierRatio was corrected from null to its default, 1.0. 
[21Jul2026 18:36:45.632] [Server thread/WARN] [net.minecraftforge.common.ForgeConfigSpec/CORE]: Incorrect key server.xpPumpUpgrade was corrected from null to its default, SimpleCommentedConfig:{}. 
[21Jul2026 18:36:45.632] [Server thread/WARN] [net.minecraftforge.common.ForgeConfigSpec/CORE]: Incorrect key server.xpPumpUpgrade.mendingOn was corrected from null to its default, true. 
[21Jul2026 18:36:45.632] [Server thread/WARN] [net.minecraftforge.common.ForgeConfigSpec/CORE]: Incorrect key server.xpPumpUpgrade.maxXpPointsPerMending was corrected from null to its default, 5. 
[21Jul2026 18:36:45.633] [Server thread/WARN] [net.minecraftforge.common.ForgeConfigSpec/CORE]: Incorrect key server.advancedJukeboxUpgrade was corrected from null to its default, SimpleCommentedConfig:{}. 
[21Jul2026 18:36:45.633] [Server thread/WARN] [net.minecraftforge.common.ForgeConfigSpec/CORE]: Incorrect key server.advancedJukeboxUpgrade.numberOfSlots was corrected from null to its default, 12. 
[21Jul2026 18:36:45.633] [Server thread/WARN] [net.minecraftforge.common.ForgeConfigSpec/CORE]: Incorrect key server.advancedJukeboxUpgrade.slotsInRow was corrected from null to its default, 4. 
[21Jul2026 18:36:45.634] [Server thread/WARN] [net.minecraftforge.common.ForgeConfigSpec/CORE]: Incorrect key server.alchemyUpgrade was corrected from null to its default, SimpleCommentedConfig:{}. 
[21Jul2026 18:36:45.634] [Server thread/WARN] [net.minecraftforge.common.ForgeConfigSpec/CORE]: Incorrect key server.alchemyUpgrade.filterSlots was corrected from null to its default, 4. 
[21Jul2026 18:36:45.635] [Server thread/WARN] [net.minecraftforge.common.ForgeConfigSpec/CORE]: Incorrect key server.advancedAlchemyUpgrade was corrected from null to its default, SimpleCommentedConfig:{}. 
[21Jul2026 18:36:45.635] [Server thread/WARN] [net.minecraftforge.common.ForgeConfigSpec/CORE]: Incorrect key server.advancedAlchemyUpgrade.filterSlots was corrected from null to its default, 8. 
[21Jul2026 18:36:45.636] [Server thread/WARN] [net.minecraftforge.common.ForgeConfigSpec/CORE]: Incorrect key server.entityBackpackAdditions was corrected from null to its default, SimpleCommentedConfig:{}. 
[21Jul2026 18:36:45.636] [Server thread/WARN] [net.minecraftforge.common.ForgeConfigSpec/CORE]: Incorrect key server.entityBackpackAdditions.chance was corrected from null to its default, 0.01. 
[21Jul2026 18:36:45.637] [Server thread/WARN] [net.minecraftforge.common.ForgeConfigSpec/CORE]: Incorrect key server.entityBackpackAdditions.addLoot was corrected from null to its default, true. 
[21Jul2026 18:36:45.637] [Server thread/WARN] [net.minecraftforge.common.ForgeConfigSpec/CORE]: Incorrect key server.entityBackpackAdditions.buffWithPotionEffects was corrected from null to its default, true. 
[21Jul2026 18:36:45.638] [Server thread/WARN] [net.minecraftforge.common.ForgeConfigSpec/CORE]: Incorrect key server.entityBackpackAdditions.buffHealth was corrected from null to its default, true. 
[21Jul2026 18:36:45.638] [Server thread/WARN] [net.minecraftforge.common.ForgeConfigSpec/CORE]: Incorrect key server.entityBackpackAdditions.equipWithArmor was corrected from null to its default, true. 
[21Jul2026 18:36:45.640] [Server thread/WARN] [net.minecraftforge.common.ForgeConfigSpec/CORE]: Incorrect key server.entityBackpackAdditions.entityLootTableList was corrected from null to its default, [minecraft:creeper|minecraft:chests/desert_pyramid, minecraft:drowned|minecraft:chests/shipwreck_treasure, minecraft:enderman|minecraft:chests/end_city_treasure, minecraft:evoker|minecraft:chests/woodland_mansion, minecraft:husk|minecraft:chests/desert_pyramid, minecraft:piglin|minecraft:chests/bastion_bridge, minecraft:piglin_brute|minecraft:chests/bastion_treasure, minecraft:pillager|minecraft:chests/pillager_outpost, minecraft:skeleton|minecraft:chests/simple_dungeon, minecraft:stray|minecraft:chests/igloo_chest, minecraft:vex|minecraft:chests/woodland_mansion, minecraft:vindicator|minecraft:chests/woodland_mansion, minecraft:witch|minecraft:chests/buried_treasure, minecraft:wither_skeleton|minecraft:chests/nether_bridge, minecraft:zombie|minecraft:chests/simple_dungeon, minecraft:zombie_villager|minecraft:chests/village/village_armorer, minecraft:zombified_piglin|minecraft:chests/bastion_other]. 
[21Jul2026 18:36:45.640] [Server thread/WARN] [net.minecraftforge.common.ForgeConfigSpec/CORE]: Incorrect key server.entityBackpackAdditions.discBlockList was corrected from null to its default, [botania:record_gaia_1, botania:record_gaia_2]. 
[21Jul2026 18:36:45.641] [Server thread/WARN] [net.minecraftforge.common.ForgeConfigSpec/CORE]: Incorrect key server.entityBackpackAdditions.playJukebox was corrected from null to its default, true. 
[21Jul2026 18:36:45.641] [Server thread/WARN] [net.minecraftforge.common.ForgeConfigSpec/CORE]: Incorrect key server.entityBackpackAdditions.dropToFakePlayers was corrected from null to its default, false. 
[21Jul2026 18:36:45.641] [Server thread/WARN] [net.minecraftforge.common.ForgeConfigSpec/CORE]: Incorrect key server.entityBackpackAdditions.backpackDropChance was corrected from null to its default, 0.5. 
[21Jul2026 18:36:45.642] [Server thread/WARN] [net.minecraftforge.common.ForgeConfigSpec/CORE]: Incorrect key server.entityBackpackAdditions.lootingChanceIncreasePerLevel was corrected from null to its default, 0.15. 
[21Jul2026 18:36:45.642] [Server thread/WARN] [net.minecraftforge.common.ForgeConfigSpec/CORE]: Incorrect key server.entityBackpackAdditions.leatherWeight was corrected from null to its default, 625. 
[21Jul2026 18:36:45.643] [Server thread/WARN] [net.minecraftforge.common.ForgeConfigSpec/CORE]: Incorrect key server.entityBackpackAdditions.copperWeight was corrected from null to its default, 250. 
[21Jul2026 18:36:45.643] [Server thread/WARN] [net.minecraftforge.common.ForgeConfigSpec/CORE]: Incorrect key server.entityBackpackAdditions.ironWeight was corrected from null to its default, 125. 
[21Jul2026 18:36:45.644] [Server thread/WARN] [net.minecraftforge.common.ForgeConfigSpec/CORE]: Incorrect key server.entityBackpackAdditions.goldWeight was corrected from null to its default, 25. 
[21Jul2026 18:36:45.644] [Server thread/WARN] [net.minecraftforge.common.ForgeConfigSpec/CORE]: Incorrect key server.entityBackpackAdditions.diamondWeight was corrected from null to its default, 5. 
[21Jul2026 18:36:45.644] [Server thread/WARN] [net.minecraftforge.common.ForgeConfigSpec/CORE]: Incorrect key server.entityBackpackAdditions.netheriteWeight was corrected from null to its default, 1. 
[21Jul2026 18:36:45.644] [Server thread/WARN] [net.minecraftforge.common.ForgeConfigSpec/CORE]: Incorrect key server.entityBackpackAdditions.minBackpackTierMidDifficulty was corrected from null to its default, 1. 
[21Jul2026 18:36:45.645] [Server thread/WARN] [net.minecraftforge.common.ForgeConfigSpec/CORE]: Incorrect key server.entityBackpackAdditions.minBackpackTierHighDifficulty was corrected from null to its default, 2. 
[21Jul2026 18:36:45.646] [Server thread/WARN] [net.minecraftforge.common.ForgeConfigSpec/CORE]: Incorrect key server.entityBackpackAdditions.localDifficultyEffectsBackpackSpawns was corrected from null to its default, true. 
[21Jul2026 18:36:45.646] [Server thread/WARN] [net.minecraftforge.common.ForgeConfigSpec/CORE]: Incorrect key server.nerfs was corrected from null to its default, SimpleCommentedConfig:{}. 
[21Jul2026 18:36:45.647] [Server thread/WARN] [net.minecraftforge.common.ForgeConfigSpec/CORE]: Incorrect key server.nerfs.tooManyBackpacksSlowness was corrected from null to its default, false. 
[21Jul2026 18:36:45.647] [Server thread/WARN] [net.minecraftforge.common.ForgeConfigSpec/CORE]: Incorrect key server.nerfs.maxNumberOfBackpacks was corrected from null to its default, 3. 
[21Jul2026 18:36:45.647] [Server thread/WARN] [net.minecraftforge.common.ForgeConfigSpec/CORE]: Incorrect key server.nerfs.slownessLevelsPerAdditionalBackpack was corrected from null to its default, 1.0. 
[21Jul2026 18:36:45.647] [Server thread/WARN] [net.minecraftforge.common.ForgeConfigSpec/CORE]: Incorrect key server.nerfs.onlyWornBackpackTriggersUpgrades was corrected from null to its default, false. 
[21Jul2026 18:36:45.648] [Server thread/WARN] [net.minecraftforge.common.ForgeConfigSpec/CORE]: Incorrect key server.nerfs.nerfEffect was corrected from null to its default, minecraft:slowness. 
[21Jul2026 18:36:45.648] [Server thread/WARN] [net.minecraftforge.common.ForgeConfigSpec/CORE]: Incorrect key server.maxUpgradesPerStorage was corrected from null to its default, [stack_upgrades|3, jukebox_upgrades|1, furnace_upgrades|1]. 
[21Jul2026 18:36:45.648] [Server thread/WARN] [net.minecraftforge.common.ForgeConfigSpec/CORE]: Incorrect key server.itemFluidHandlerEnabled was corrected from null to its default, true. 
[21Jul2026 18:36:45.648] [Server thread/WARN] [net.minecraftforge.common.ForgeConfigSpec/CORE]: Incorrect key server.allowOpeningOtherPlayerBackpacks was corrected from null to its default, true. 
[21Jul2026 18:36:45.648] [Server thread/WARN] [net.minecraftforge.common.ForgeConfigSpec/CORE]: Incorrect key server.itemDisplayDisabled was corrected from null to its default, false. 
[21Jul2026 18:36:45.648] [Server thread/WARN] [net.minecraftforge.common.ForgeConfigSpec/CORE]: Incorrect key server.tickDedupeLogicDisabled was corrected from null to its default, false. 
[21Jul2026 18:36:45.648] [Server thread/WARN] [net.minecraftforge.common.ForgeConfigSpec/CORE]: Incorrect key server.canBePlacedInContainerItems was corrected from null to its default, false. 
[21Jul2026 18:36:45.657] [Server thread/WARN] [net.minecraftforge.common.ForgeConfigSpec/CORE]: Configuration file ./world/serverconfig/aether-server.toml is not correct. Correcting
[21Jul2026 18:36:45.658] [Server thread/WARN] [net.minecraftforge.common.ForgeConfigSpec/CORE]: Incorrect key Gameplay was corrected from null to its default, SimpleCommentedConfig:{}. 
[21Jul2026 18:36:45.659] [Server thread/WARN] [net.minecraftforge.common.ForgeConfigSpec/CORE]: Incorrect key Gameplay.Beds explode was corrected from null to its default, false. 
[21Jul2026 18:36:45.659] [Server thread/WARN] [net.minecraftforge.common.ForgeConfigSpec/CORE]: Incorrect key Gameplay.Debuff non-Aether tools was corrected from null to its default, true. 
[21Jul2026 18:36:45.660] [Server thread/WARN] [net.minecraftforge.common.ForgeConfigSpec/CORE]: Incorrect key Gameplay.Ambrosium Shards are edible was corrected from null to its default, true. 
[21Jul2026 18:36:45.660] [Server thread/WARN] [net.minecraftforge.common.ForgeConfigSpec/CORE]: Incorrect key Gameplay.Berry Bush consistency was corrected from null to its default, false. 
[21Jul2026 18:36:45.660] [Server thread/WARN] [net.minecraftforge.common.ForgeConfigSpec/CORE]: Incorrect key Gameplay.Crystal Fruit Leaves consistency was corrected from null to its default, false. 
[21Jul2026 18:36:45.661] [Server thread/WARN] [net.minecraftforge.common.ForgeConfigSpec/CORE]: Incorrect key Gameplay.Gummy Swets restore health was corrected from null to its default, false. 
[21Jul2026 18:36:45.661] [Server thread/WARN] [net.minecraftforge.common.ForgeConfigSpec/CORE]: Incorrect key Gameplay.Maximum consumable Life Shards was corrected from null to its default, 10. 
[21Jul2026 18:36:45.662] [Server thread/WARN] [net.minecraftforge.common.ForgeConfigSpec/CORE]: Incorrect key Gameplay.Cooldown for the Hammer of Kingbdogz projectile was corrected from null to its default, 50. 
[21Jul2026 18:36:45.662] [Server thread/WARN] [net.minecraftforge.common.ForgeConfigSpec/CORE]: Incorrect key Gameplay.Cooldown for the Cloud Staff was corrected from null to its default, 40. 
[21Jul2026 18:36:45.663] [Server thread/WARN] [net.minecraftforge.common.ForgeConfigSpec/CORE]: Incorrect key Gameplay.Require gloves for set abilities was corrected from null to its default, true. 
[21Jul2026 18:36:45.664] [Server thread/WARN] [net.minecraftforge.common.ForgeConfigSpec/CORE]: Incorrect key Loot was corrected from null to its default, SimpleCommentedConfig:{}. 
[21Jul2026 18:36:45.664] [Server thread/WARN] [net.minecraftforge.common.ForgeConfigSpec/CORE]: Incorrect key Loot.Golden Feather in loot was corrected from null to its default, false. 
[21Jul2026 18:36:45.664] [Server thread/WARN] [net.minecraftforge.common.ForgeConfigSpec/CORE]: Incorrect key Loot.Valkyrie Cape in loot was corrected from null to its default, true. 
[21Jul2026 18:36:45.665] [Server thread/WARN] [net.minecraftforge.common.ForgeConfigSpec/CORE]: Incorrect key World Generation was corrected from null to its default, SimpleCommentedConfig:{}. 
[21Jul2026 18:36:45.665] [Server thread/WARN] [net.minecraftforge.common.ForgeConfigSpec/CORE]: Incorrect key World Generation.Generate Tall Grass in the Aether was corrected from null to its default, true. 
[21Jul2026 18:36:45.665] [Server thread/WARN] [net.minecraftforge.common.ForgeConfigSpec/CORE]: Incorrect key World Generation.Generate Holiday Trees always was corrected from null to its default, false. 
[21Jul2026 18:36:45.666] [Server thread/WARN] [net.minecraftforge.common.ForgeConfigSpec/CORE]: Incorrect key World Generation.Generate Holiday Trees seasonally was corrected from null to its default, true. 
[21Jul2026 18:36:45.666] [Server thread/WARN] [net.minecraftforge.common.ForgeConfigSpec/CORE]: Incorrect key Multiplayer was corrected from null to its default, SimpleCommentedConfig:{}. 
[21Jul2026 18:36:45.666] [Server thread/WARN] [net.minecraftforge.common.ForgeConfigSpec/CORE]: Incorrect key Multiplayer.Balance Invisibility Cloak for PVP was corrected from null to its default, false. 
[21Jul2026 18:36:45.667] [Server thread/WARN] [net.minecraftforge.common.ForgeConfigSpec/CORE]: Incorrect key Multiplayer.Invisibility Cloak visibility timer was corrected from null to its default, 50. 
[21Jul2026 18:36:45.667] [Server thread/WARN] [net.minecraftforge.common.ForgeConfigSpec/CORE]: Incorrect key Multiplayer.Only whitelisted users access Sun Altars was corrected from null to its default, false. 
[21Jul2026 18:36:45.667] [Server thread/WARN] [net.minecraftforge.common.ForgeConfigSpec/CORE]: Incorrect key Multiplayer.Configure Sun Altar dimensions was corrected from null to its default, [aether:the_aether]. 
[21Jul2026 18:36:45.668] [Server thread/WARN] [net.minecraftforge.common.ForgeConfigSpec/CORE]: Incorrect key Modpack was corrected from null to its default, SimpleCommentedConfig:{}. 
[21Jul2026 18:36:45.668] [Server thread/WARN] [net.minecraftforge.common.ForgeConfigSpec/CORE]: Incorrect key Modpack.Spawns the player in the Aether was corrected from null to its default, false. 
[21Jul2026 18:36:45.668] [Server thread/WARN] [net.minecraftforge.common.ForgeConfigSpec/CORE]: Incorrect key Modpack.Disables Aether Portal creation was corrected from null to its default, false. 
[21Jul2026 18:36:45.669] [Server thread/WARN] [net.minecraftforge.common.ForgeConfigSpec/CORE]: Incorrect key Modpack.Disables falling into the Overworld was corrected from null to its default, false. 
[21Jul2026 18:36:45.669] [Server thread/WARN] [net.minecraftforge.common.ForgeConfigSpec/CORE]: Incorrect key Modpack.Disables eternal day was corrected from null to its default, false. 
[21Jul2026 18:36:45.669] [Server thread/WARN] [net.minecraftforge.common.ForgeConfigSpec/CORE]: Incorrect key Modpack.Sets portal destination dimension was corrected from null to its default, aether:the_aether. 
[21Jul2026 18:36:45.670] [Server thread/WARN] [net.minecraftforge.common.ForgeConfigSpec/CORE]: Incorrect key Modpack.Sets portal return dimension was corrected from null to its default, minecraft:overworld. 
[21Jul2026 18:36:45.672] [Server thread/WARN] [net.minecraftforge.common.ForgeConfigSpec/CORE]: Configuration file ./world/serverconfig/additionalstructures-server.toml is not correct. Correcting
[21Jul2026 18:36:45.672] [Server thread/WARN] [net.minecraftforge.common.ForgeConfigSpec/CORE]: Incorrect key general was corrected from null to its default, SimpleCommentedConfig:{}. 
[21Jul2026 18:36:45.673] [Server thread/WARN] [net.minecraftforge.common.ForgeConfigSpec/CORE]: Incorrect key general.patreon_rewards was corrected from null to its default, true. 
[21Jul2026 18:36:45.675] [Server thread/WARN] [net.minecraftforge.common.ForgeConfigSpec/CORE]: Configuration file ./world/serverconfig/getittogetherdrops-server.toml is not correct. Correcting
[21Jul2026 18:36:45.676] [Server thread/WARN] [net.minecraftforge.common.ForgeConfigSpec/CORE]: Incorrect key radius was corrected from null to its default, 2.0. 
[21Jul2026 18:36:45.677] [Server thread/WARN] [net.minecraftforge.common.ForgeConfigSpec/CORE]: Incorrect key checkY was corrected from null to its default, true. 
[21Jul2026 18:36:45.679] [Server thread/INFO] [Puzzles Lib/]: Loading server config for hangglider
[21Jul2026 18:36:45.680] [Server thread/WARN] [net.minecraftforge.common.ForgeConfigSpec/CORE]: Configuration file ./world/serverconfig/ntrials-server.toml is not correct. Correcting
[21Jul2026 18:36:45.680] [Server thread/WARN] [net.minecraftforge.common.ForgeConfigSpec/CORE]: Incorrect key VaultSettings was corrected from null to its default, SimpleCommentedConfig:{}. 
[21Jul2026 18:36:45.680] [Server thread/WARN] [net.minecraftforge.common.ForgeConfigSpec/CORE]: Incorrect key VaultSettings.vault_unlocking_duration was corrected from null to its default, 10. 
[21Jul2026 18:36:45.680] [Server thread/WARN] [net.minecraftforge.common.ForgeConfigSpec/CORE]: Incorrect key VaultSettings.vault_ejecting_interval was corrected from null to its default, 20. 
[21Jul2026 18:36:45.681] [Server thread/WARN] [net.minecraftforge.common.ForgeConfigSpec/CORE]: Incorrect key VaultSettings.vault_close_delay was corrected from null to its default, 20. 
[21Jul2026 18:36:45.681] [Server thread/WARN] [net.minecraftforge.common.ForgeConfigSpec/CORE]: Incorrect key VaultSettings.vault_display_item_switch_interval was corrected from null to its default, 20. 
[21Jul2026 18:36:45.681] [Server thread/WARN] [net.minecraftforge.common.ForgeConfigSpec/CORE]: Incorrect key VaultSettings.vault_item_rotation_speed was corrected from null to its default, 2.0. 
[21Jul2026 18:36:45.681] [Server thread/WARN] [net.minecraftforge.common.ForgeConfigSpec/CORE]: Incorrect key SpawnerSettings was corrected from null to its default, SimpleCommentedConfig:{}. 
[21Jul2026 18:36:45.681] [Server thread/WARN] [net.minecraftforge.common.ForgeConfigSpec/CORE]: Incorrect key SpawnerSettings.spawner_cooldown_ominous was corrected from null to its default, 10. 
[21Jul2026 18:36:45.681] [Server thread/WARN] [net.minecraftforge.common.ForgeConfigSpec/CORE]: Incorrect key SpawnerSettings.spawner_loot_drop_interval was corrected from null to its default, 10. 
[21Jul2026 18:36:45.682] [Server thread/WARN] [net.minecraftforge.common.ForgeConfigSpec/CORE]: Incorrect key SpawnerSettings.spawner_default_base_mobs_per_wave was corrected from null to its default, 3. 
[21Jul2026 18:36:45.682] [Server thread/WARN] [net.minecraftforge.common.ForgeConfigSpec/CORE]: Incorrect key SpawnerSettings.spawner_default_base_total_mobs was corrected from null to its default, 6. 
[21Jul2026 18:36:45.682] [Server thread/WARN] [net.minecraftforge.common.ForgeConfigSpec/CORE]: Incorrect key SpawnerSettings.spawner_mobs_added_per_player was corrected from null to its default, 1. 
[21Jul2026 18:36:45.682] [Server thread/WARN] [net.minecraftforge.common.ForgeConfigSpec/CORE]: Incorrect key SpawnerSettings.spawner_total_added_per_player was corrected from null to its default, 2. 
[21Jul2026 18:36:45.682] [Server thread/WARN] [net.minecraftforge.common.ForgeConfigSpec/CORE]: Incorrect key SpawnerSettings.spawner_breeze_base_mobs_per_wave was corrected from null to its default, 1. 
[21Jul2026 18:36:45.682] [Server thread/WARN] [net.minecraftforge.common.ForgeConfigSpec/CORE]: Incorrect key SpawnerSettings.spawner_breeze_base_total_mobs was corrected from null to its default, 3. 
[21Jul2026 18:36:45.682] [Server thread/WARN] [net.minecraftforge.common.ForgeConfigSpec/CORE]: Incorrect key SpawnerSettings.breeze_spawner_mobs_added_per_player was corrected from null to its default, 1. 
[21Jul2026 18:36:45.683] [Server thread/WARN] [net.minecraftforge.common.ForgeConfigSpec/CORE]: Incorrect key SpawnerSettings.breeze_spawner_total_added_per_player was corrected from null to its default, 2. 
[21Jul2026 18:36:45.683] [Server thread/WARN] [net.minecraftforge.common.ForgeConfigSpec/CORE]: Incorrect key BossSpawnerSettings was corrected from null to its default, SimpleCommentedConfig:{}. 
[21Jul2026 18:36:45.683] [Server thread/WARN] [net.minecraftforge.common.ForgeConfigSpec/CORE]: Incorrect key BossSpawnerSettings.boss_spawner_spawn_delay was corrected from null to its default, 60. 
[21Jul2026 18:36:45.683] [Server thread/WARN] [net.minecraftforge.common.ForgeConfigSpec/CORE]: Incorrect key BossSpawnerSettings.boss_spawner_loot_drop_interval was corrected from null to its default, 10. 
[21Jul2026 18:36:45.683] [Server thread/WARN] [net.minecraftforge.common.ForgeConfigSpec/CORE]: Incorrect key BossSpawnerSettings.boss_spawner_base_boss_hp was corrected from null to its default, 200. 
[21Jul2026 18:36:45.683] [Server thread/WARN] [net.minecraftforge.common.ForgeConfigSpec/CORE]: Incorrect key BossSpawnerSettings.boss_spawner_hp_multiplier_per_player was corrected from null to its default, 1.5. 
[21Jul2026 18:36:45.684] [Server thread/WARN] [net.minecraftforge.common.ForgeConfigSpec/CORE]: Incorrect key BossSpawnerSettings.boss_spawner_max_cooldown_ticks was corrected from null to its default, 36000. 
[21Jul2026 18:36:45.685] [Server thread/WARN] [net.minecraftforge.common.ForgeConfigSpec/CORE]: Configuration file ./world/serverconfig/elevatorid-server.toml is not correct. Correcting
[21Jul2026 18:36:45.685] [Server thread/WARN] [net.minecraftforge.common.ForgeConfigSpec/CORE]: Incorrect key General was corrected from null to its default, SimpleCommentedConfig:{}. 
[21Jul2026 18:36:45.685] [Server thread/WARN] [net.minecraftforge.common.ForgeConfigSpec/CORE]: Incorrect key General.sameColor was corrected from null to its default, false. 
[21Jul2026 18:36:45.685] [Server thread/WARN] [net.minecraftforge.common.ForgeConfigSpec/CORE]: Incorrect key General.range was corrected from null to its default, 384. 
[21Jul2026 18:36:45.685] [Server thread/WARN] [net.minecraftforge.common.ForgeConfigSpec/CORE]: Incorrect key General.precisionTarget was corrected from null to its default, true. 
[21Jul2026 18:36:45.685] [Server thread/WARN] [net.minecraftforge.common.ForgeConfigSpec/CORE]: Incorrect key General.mobSpawn was corrected from null to its default, false. 
[21Jul2026 18:36:45.686] [Server thread/WARN] [net.minecraftforge.common.ForgeConfigSpec/CORE]: Incorrect key General.resetPitchNormal was corrected from null to its default, false. 
[21Jul2026 18:36:45.686] [Server thread/WARN] [net.minecraftforge.common.ForgeConfigSpec/CORE]: Incorrect key General.resetPitchDirectional was corrected from null to its default, true. 
[21Jul2026 18:36:45.686] [Server thread/WARN] [net.minecraftforge.common.ForgeConfigSpec/CORE]: Incorrect key General.useXP was corrected from null to its default, false. 
[21Jul2026 18:36:45.686] [Server thread/WARN] [net.minecraftforge.common.ForgeConfigSpec/CORE]: Incorrect key General.XPPointsAmount was corrected from null to its default, 1. 
[21Jul2026 18:36:45.687] [Server thread/WARN] [net.minecraftforge.common.ForgeConfigSpec/CORE]: Configuration file ./world/serverconfig/tacz-server.toml is not correct. Correcting
[21Jul2026 18:36:45.687] [Server thread/WARN] [net.minecraftforge.common.ForgeConfigSpec/CORE]: Incorrect key interact_key was corrected from null to its default, SimpleCommentedConfig:{}. 
[21Jul2026 18:36:45.688] [Server thread/WARN] [net.minecraftforge.common.ForgeConfigSpec/CORE]: Incorrect key interact_key.InteractKeyWhitelistBlocks was corrected from null to its default, []. 
[21Jul2026 18:36:45.688] [Server thread/WARN] [net.minecraftforge.common.ForgeConfigSpec/CORE]: Incorrect key interact_key.InteractKeyWhitelistEntities was corrected from null to its default, []. 
[21Jul2026 18:36:45.688] [Server thread/WARN] [net.minecraftforge.common.ForgeConfigSpec/CORE]: Incorrect key interact_key.InteractKeyBlacklistBlocks was corrected from null to its default, []. 
[21Jul2026 18:36:45.688] [Server thread/WARN] [net.minecraftforge.common.ForgeConfigSpec/CORE]: Incorrect key interact_key.InteractKeyBlacklistEntities was corrected from null to its default, []. 
[21Jul2026 18:36:45.688] [Server thread/WARN] [net.minecraftforge.common.ForgeConfigSpec/CORE]: Incorrect key base_multiplier was corrected from null to its default, SimpleCommentedConfig:{}. 
[21Jul2026 18:36:45.689] [Server thread/WARN] [net.minecraftforge.common.ForgeConfigSpec/CORE]: Incorrect key base_multiplier.DamageBaseMultiplier was corrected from null to its default, 1.0. 
[21Jul2026 18:36:45.689] [Server thread/WARN] [net.minecraftforge.common.ForgeConfigSpec/CORE]: Incorrect key base_multiplier.ArmorIgnoreBaseMultiplier was corrected from null to its default, 1.0. 
[21Jul2026 18:36:45.689] [Server thread/WARN] [net.minecraftforge.common.ForgeConfigSpec/CORE]: Incorrect key base_multiplier.HeadShotBaseMultiplier was corrected from null to its default, 1.0. 
[21Jul2026 18:36:45.689] [Server thread/WARN] [net.minecraftforge.common.ForgeConfigSpec/CORE]: Incorrect key base_multiplier.WeightSpeedMultiplier was corrected from null to its default, 0.015. 
[21Jul2026 18:36:45.689] [Server thread/WARN] [net.minecraftforge.common.ForgeConfigSpec/CORE]: Incorrect key misc was corrected from null to its default, SimpleCommentedConfig:{}. 
[21Jul2026 18:36:45.689] [Server thread/WARN] [net.minecraftforge.common.ForgeConfigSpec/CORE]: Incorrect key misc.HeadShotAABB was corrected from null to its default, []. 
[21Jul2026 18:36:45.690] [Server thread/WARN] [net.minecraftforge.common.ForgeConfigSpec/CORE]: Incorrect key misc.AmmoBoxStackSize was corrected from null to its default, 3. 
[21Jul2026 18:36:45.690] [Server thread/WARN] [net.minecraftforge.common.ForgeConfigSpec/CORE]: Incorrect key misc.ClientGunPackDownloadUrls was corrected from null to its default, []. 
[21Jul2026 18:36:45.690] [Server thread/WARN] [net.minecraftforge.common.ForgeConfigSpec/CORE]: Incorrect key misc.EnableCrawl was corrected from null to its default, true. 
[21Jul2026 18:36:45.690] [Server thread/WARN] [net.minecraftforge.common.ForgeConfigSpec/CORE]: Incorrect key misc.EnableDefaultGunSmithTableFilter was corrected from null to its default, true. 
[21Jul2026 18:36:45.690] [Server thread/WARN] [net.minecraftforge.common.ForgeConfigSpec/CORE]: Incorrect key misc.ServerShootNetworkCheck was corrected from null to its default, true. 
[21Jul2026 18:36:45.690] [Server thread/WARN] [net.minecraftforge.common.ForgeConfigSpec/CORE]: Incorrect key misc.ServerShootCooldownCheck was corrected from null to its default, true. 
[21Jul2026 18:36:45.694] [Server thread/WARN] [net.minecraftforge.common.ForgeConfigSpec/CORE]: Configuration file ./world/serverconfig/parcool-server.toml is not correct. Correcting
[21Jul2026 18:36:45.694] [Server thread/WARN] [net.minecraftforge.common.ForgeConfigSpec/CORE]: Incorrect key Limitations was corrected from null to its default, SimpleCommentedConfig:{}. 
[21Jul2026 18:36:45.694] [Server thread/WARN] [net.minecraftforge.common.ForgeConfigSpec/CORE]: Incorrect key Limitations.limitation_imposed was corrected from null to its default, false. 
[21Jul2026 18:36:45.695] [Server thread/WARN] [net.minecraftforge.common.ForgeConfigSpec/CORE]: Incorrect key Limitations.Action_Permissions was corrected from null to its default, SimpleCommentedConfig:{}. 
[21Jul2026 18:36:45.695] [Server thread/WARN] [net.minecraftforge.common.ForgeConfigSpec/CORE]: Incorrect key Limitations.Action_Permissions.permit_BreakfallReady was corrected from null to its default, true. 
[21Jul2026 18:36:45.695] [Server thread/WARN] [net.minecraftforge.common.ForgeConfigSpec/CORE]: Incorrect key Limitations.Action_Permissions.permit_CatLeap was corrected from null to its default, true. 
[21Jul2026 18:36:45.695] [Server thread/WARN] [net.minecraftforge.common.ForgeConfigSpec/CORE]: Incorrect key Limitations.Action_Permissions.permit_ChargeJump was corrected from null to its default, true. 
[21Jul2026 18:36:45.695] [Server thread/WARN] [net.minecraftforge.common.ForgeConfigSpec/CORE]: Incorrect key Limitations.Action_Permissions.permit_ClimbPoles was corrected from null to its default, true. 
[21Jul2026 18:36:45.695] [Server thread/WARN] [net.minecraftforge.common.ForgeConfigSpec/CORE]: Incorrect key Limitations.Action_Permissions.permit_ClimbUp was corrected from null to its default, true. 
[21Jul2026 18:36:45.695] [Server thread/WARN] [net.minecraftforge.common.ForgeConfigSpec/CORE]: Incorrect key Limitations.Action_Permissions.permit_ClingToCliff was corrected from null to its default, true. 
[21Jul2026 18:36:45.695] [Server thread/WARN] [net.minecraftforge.common.ForgeConfigSpec/CORE]: Incorrect key Limitations.Action_Permissions.permit_HideInBlock was corrected from null to its default, true. 
[21Jul2026 18:36:45.695] [Server thread/WARN] [net.minecraftforge.common.ForgeConfigSpec/CORE]: Incorrect key Limitations.Action_Permissions.permit_Crawl was corrected from null to its default, true. 
[21Jul2026 18:36:45.695] [Server thread/WARN] [net.minecraftforge.common.ForgeConfigSpec/CORE]: Incorrect key Limitations.Action_Permissions.permit_Dive was corrected from null to its default, true. 
[21Jul2026 18:36:45.696] [Server thread/WARN] [net.minecraftforge.common.ForgeConfigSpec/CORE]: Incorrect key Limitations.Action_Permissions.permit_Dodge was corrected from null to its default, true. 
[21Jul2026 18:36:45.696] [Server thread/WARN] [net.minecraftforge.common.ForgeConfigSpec/CORE]: Incorrect key Limitations.Action_Permissions.permit_FastRun was corrected from null to its default, true. 
[21Jul2026 18:36:45.696] [Server thread/WARN] [net.minecraftforge.common.ForgeConfigSpec/CORE]: Incorrect key Limitations.Action_Permissions.permit_FastSwim was corrected from null to its default, true. 
[21Jul2026 18:36:45.696] [Server thread/WARN] [net.minecraftforge.common.ForgeConfigSpec/CORE]: Incorrect key Limitations.Action_Permissions.permit_Flipping was corrected from null to its default, true. 
[21Jul2026 18:36:45.696] [Server thread/WARN] [net.minecraftforge.common.ForgeConfigSpec/CORE]: Incorrect key Limitations.Action_Permissions.permit_HangDown was corrected from null to its default, true. 
[21Jul2026 18:36:45.696] [Server thread/WARN] [net.minecraftforge.common.ForgeConfigSpec/CORE]: Incorrect key Limitations.Action_Permissions.permit_HorizontalWallRun was corrected from null to its default, true. 
[21Jul2026 18:36:45.696] [Server thread/WARN] [net.minecraftforge.common.ForgeConfigSpec/CORE]: Incorrect key Limitations.Action_Permissions.permit_JumpFromBar was corrected from null to its default, true. 
[21Jul2026 18:36:45.696] [Server thread/WARN] [net.minecraftforge.common.ForgeConfigSpec/CORE]: Incorrect key Limitations.Action_Permissions.permit_QuickTurn was corrected from null to its default, true. 
[21Jul2026 18:36:45.696] [Server thread/WARN] [net.minecraftforge.common.ForgeConfigSpec/CORE]: Incorrect key Limitations.Action_Permissions.permit_RideZipline was corrected from null to its default, true. 
[21Jul2026 18:36:45.696] [Server thread/WARN] [net.minecraftforge.common.ForgeConfigSpec/CORE]: Incorrect key Limitations.Action_Permissions.permit_Roll was corrected from null to its default, true. 
[21Jul2026 18:36:45.697] [Server thread/WARN] [net.minecraftforge.common.ForgeConfigSpec/CORE]: Incorrect key Limitations.Action_Permissions.permit_SkyDive was corrected from null to its default, true. 
[21Jul2026 18:36:45.697] [Server thread/WARN] [net.minecraftforge.common.ForgeConfigSpec/CORE]: Incorrect key Limitations.Action_Permissions.permit_Slide was corrected from null to its default, true. 
[21Jul2026 18:36:45.697] [Server thread/WARN] [net.minecraftforge.common.ForgeConfigSpec/CORE]: Incorrect key Limitations.Action_Permissions.permit_Tap was corrected from null to its default, true. 
[21Jul2026 18:36:45.697] [Server thread/WARN] [net.minecraftforge.common.ForgeConfigSpec/CORE]: Incorrect key Limitations.Action_Permissions.permit_Vault was corrected from null to its default, true. 
[21Jul2026 18:36:45.697] [Server thread/WARN] [net.minecraftforge.common.ForgeConfigSpec/CORE]: Incorrect key Limitations.Action_Permissions.permit_VerticalWallRun was corrected from null to its default, true. 
[21Jul2026 18:36:45.697] [Server thread/WARN] [net.minecraftforge.common.ForgeConfigSpec/CORE]: Incorrect key Limitations.Action_Permissions.permit_WallJump was corrected from null to its default, true. 
[21Jul2026 18:36:45.697] [Server thread/WARN] [net.minecraftforge.common.ForgeConfigSpec/CORE]: Incorrect key Limitations.Action_Permissions.permit_WallSlide was corrected from null to its default, true. 
[21Jul2026 18:36:45.697] [Server thread/WARN] [net.minecraftforge.common.ForgeConfigSpec/CORE]: Incorrect key Limitations.Action_Permissions.permit_StartSwimByCrawl was corrected from null to its default, true. 
[21Jul2026 18:36:45.697] [Server thread/WARN] [net.minecraftforge.common.ForgeConfigSpec/CORE]: Incorrect key Limitations.Stamina was corrected from null to its default, SimpleCommentedConfig:{}. 
[21Jul2026 18:36:45.698] [Server thread/WARN] [net.minecraftforge.common.ForgeConfigSpec/CORE]: Incorrect key Limitations.Stamina.Least_Consumption was corrected from null to its default, SimpleCommentedConfig:{}. 
[21Jul2026 18:36:45.698] [Server thread/WARN] [net.minecraftforge.common.ForgeConfigSpec/CORE]: Incorrect key Limitations.Stamina.Least_Consumption.stamina_consumption_of_BreakfallReady was corrected from null to its default, 0. 
[21Jul2026 18:36:45.698] [Server thread/WARN] [net.minecraftforge.common.ForgeConfigSpec/CORE]: Incorrect key Limitations.Stamina.Least_Consumption.stamina_consumption_of_CatLeap was corrected from null to its default, 200. 
[21Jul2026 18:36:45.698] [Server thread/WARN] [net.minecraftforge.common.ForgeConfigSpec/CORE]: Incorrect key Limitations.Stamina.Least_Consumption.stamina_consumption_of_ChargeJump was corrected from null to its default, 100. 
[21Jul2026 18:36:45.698] [Server thread/WARN] [net.minecraftforge.common.ForgeConfigSpec/CORE]: Incorrect key Limitations.Stamina.Least_Consumption.stamina_consumption_of_ClimbPoles was corrected from null to its default, 0. 
[21Jul2026 18:36:45.698] [Server thread/WARN] [net.minecraftforge.common.ForgeConfigSpec/CORE]: Incorrect key Limitations.Stamina.Least_Consumption.stamina_consumption_of_ClimbUp was corrected from null to its default, 150. 
[21Jul2026 18:36:45.698] [Server thread/WARN] [net.minecraftforge.common.ForgeConfigSpec/CORE]: Incorrect key Limitations.Stamina.Least_Consumption.stamina_consumption_of_ClingToCliff was corrected from null to its default, 2. 
[21Jul2026 18:36:45.698] [Server thread/WARN] [net.minecraftforge.common.ForgeConfigSpec/CORE]: Incorrect key Limitations.Stamina.Least_Consumption.stamina_consumption_of_HideInBlock was corrected from null to its default, 0. 
[21Jul2026 18:36:45.699] [Server thread/WARN] [net.minecraftforge.common.ForgeConfigSpec/CORE]: Incorrect key Limitations.Stamina.Least_Consumption.stamina_consumption_of_Crawl was corrected from null to its default, 0. 
[21Jul2026 18:36:45.699] [Server thread/WARN] [net.minecraftforge.common.ForgeConfigSpec/CORE]: Incorrect key Limitations.Stamina.Least_Consumption.stamina_consumption_of_Dive was corrected from null to its default, 0. 
[21Jul2026 18:36:45.699] [Server thread/WARN] [net.minecraftforge.common.ForgeConfigSpec/CORE]: Incorrect key Limitations.Stamina.Least_Consumption.stamina_consumption_of_Dodge was corrected from null to its default, 80. 
[21Jul2026 18:36:45.699] [Server thread/WARN] [net.minecraftforge.common.ForgeConfigSpec/CORE]: Incorrect key Limitations.Stamina.Least_Consumption.stamina_consumption_of_FastRun was corrected from null to its default, 2. 
[21Jul2026 18:36:45.699] [Server thread/WARN] [net.minecraftforge.common.ForgeConfigSpec/CORE]: Incorrect key Limitations.Stamina.Least_Consumption.stamina_consumption_of_FastSwim was corrected from null to its default, 3. 
[21Jul2026 18:36:45.699] [Server thread/WARN] [net.minecraftforge.common.ForgeConfigSpec/CORE]: Incorrect key Limitations.Stamina.Least_Consumption.stamina_consumption_of_Flipping was corrected from null to its default, 80. 
[21Jul2026 18:36:45.699] [Server thread/WARN] [net.minecraftforge.common.ForgeConfigSpec/CORE]: Incorrect key Limitations.Stamina.Least_Consumption.stamina_consumption_of_HangDown was corrected from null to its default, 3. 
[21Jul2026 18:36:45.700] [Server thread/WARN] [net.minecraftforge.common.ForgeConfigSpec/CORE]: Incorrect key Limitations.Stamina.Least_Consumption.stamina_consumption_of_HorizontalWallRun was corrected from null to its default, 2. 
[21Jul2026 18:36:45.700] [Server thread/WARN] [net.minecraftforge.common.ForgeConfigSpec/CORE]: Incorrect key Limitations.Stamina.Least_Consumption.stamina_consumption_of_JumpFromBar was corrected from null to its default, 100. 
[21Jul2026 18:36:45.700] [Server thread/WARN] [net.minecraftforge.common.ForgeConfigSpec/CORE]: Incorrect key Limitations.Stamina.Least_Consumption.stamina_consumption_of_QuickTurn was corrected from null to its default, 0. 
[21Jul2026 18:36:45.700] [Server thread/WARN] [net.minecraftforge.common.ForgeConfigSpec/CORE]: Incorrect key Limitations.Stamina.Least_Consumption.stamina_consumption_of_RideZipline was corrected from null to its default, 2. 
[21Jul2026 18:36:45.700] [Server thread/WARN] [net.minecraftforge.common.ForgeConfigSpec/CORE]: Incorrect key Limitations.Stamina.Least_Consumption.stamina_consumption_of_Roll was corrected from null to its default, 100. 
[21Jul2026 18:36:45.701] [Server thread/WARN] [net.minecraftforge.common.ForgeConfigSpec/CORE]: Incorrect key Limitations.Stamina.Least_Consumption.stamina_consumption_of_SkyDive was corrected from null to its default, 0. 
[21Jul2026 18:36:45.701] [Server thread/WARN] [net.minecraftforge.common.ForgeConfigSpec/CORE]: Incorrect key Limitations.Stamina.Least_Consumption.stamina_consumption_of_Slide was corrected from null to its default, 0. 
[21Jul2026 18:36:45.701] [Server thread/WARN] [net.minecraftforge.common.ForgeConfigSpec/CORE]: Incorrect key Limitations.Stamina.Least_Consumption.stamina_consumption_of_Tap was corrected from null to its default, 100. 
[21Jul2026 18:36:45.701] [Server thread/WARN] [net.minecraftforge.common.ForgeConfigSpec/CORE]: Incorrect key Limitations.Stamina.Least_Consumption.stamina_consumption_of_Vault was corrected from null to its default, 50. 
[21Jul2026 18:36:45.701] [Server thread/WARN] [net.minecraftforge.common.ForgeConfigSpec/CORE]: Incorrect key Limitations.Stamina.Least_Consumption.stamina_consumption_of_VerticalWallRun was corrected from null to its default, 150. 
[21Jul2026 18:36:45.702] [Server thread/WARN] [net.minecraftforge.common.ForgeConfigSpec/CORE]: Incorrect key Limitations.Stamina.Least_Consumption.stamina_consumption_of_WallJump was corrected from null to its default, 120. 
[21Jul2026 18:36:45.702] [Server thread/WARN] [net.minecraftforge.common.ForgeConfigSpec/CORE]: Incorrect key Limitations.Stamina.Least_Consumption.stamina_consumption_of_WallSlide was corrected from null to its default, 8. 
[21Jul2026 18:36:45.702] [Server thread/WARN] [net.minecraftforge.common.ForgeConfigSpec/CORE]: Incorrect key Limitations.Stamina.Least_Consumption.stamina_consumption_of_StartSwimByCrawl was corrected from null to its default, 0. 
[21Jul2026 18:36:45.702] [Server thread/WARN] [net.minecraftforge.common.ForgeConfigSpec/CORE]: Incorrect key Limitations.Stamina.allow_infinite_stamina was corrected from null to its default, true. 
[21Jul2026 18:36:45.702] [Server thread/WARN] [net.minecraftforge.common.ForgeConfigSpec/CORE]: Incorrect key Limitations.Stamina.max_stamina_limit was corrected from null to its default, 2147483647. 
[21Jul2026 18:36:45.702] [Server thread/WARN] [net.minecraftforge.common.ForgeConfigSpec/CORE]: Incorrect key Limitations.Stamina.max_stamina_recovery_limit was corrected from null to its default, 2147483647. 
[21Jul2026 18:36:45.702] [Server thread/WARN] [net.minecraftforge.common.ForgeConfigSpec/CORE]: Incorrect key Limitations.Control was corrected from null to its default, SimpleCommentedConfig:{}. 
[21Jul2026 18:36:45.702] [Server thread/WARN] [net.minecraftforge.common.ForgeConfigSpec/CORE]: Incorrect key Limitations.Control.allow_disabling_wall_jump_cooldown was corrected from null to its default, true. 
[21Jul2026 18:36:45.703] [Server thread/WARN] [net.minecraftforge.common.ForgeConfigSpec/CORE]: Incorrect key Limitations.Control.least_successive_dodge_cool_time was corrected from null to its default, 0. 
[21Jul2026 18:36:45.703] [Server thread/WARN] [net.minecraftforge.common.ForgeConfigSpec/CORE]: Incorrect key Limitations.Control.least_dodge_cool_time was corrected from null to its default, 11. 
[21Jul2026 18:36:45.703] [Server thread/WARN] [net.minecraftforge.common.ForgeConfigSpec/CORE]: Incorrect key Limitations.Control.max_successive_dodge_count was corrected from null to its default, 2147483647. 
[21Jul2026 18:36:45.704] [Server thread/WARN] [net.minecraftforge.common.ForgeConfigSpec/CORE]: Incorrect key Limitations.Control.justtime_breakfall_tick was corrected from null to its default, 5. 
[21Jul2026 18:36:45.705] [Server thread/WARN] [net.minecraftforge.common.ForgeConfigSpec/CORE]: Incorrect key Limitations.Control.max_coyote_time was corrected from null to its default, 3. 
[21Jul2026 18:36:45.705] [Server thread/WARN] [net.minecraftforge.common.ForgeConfigSpec/CORE]: Incorrect key Limitations.Control.lowest_fall_distance_for_breakfall was corrected from null to its default, 2.0. 
[21Jul2026 18:36:45.706] [Server thread/WARN] [net.minecraftforge.common.ForgeConfigSpec/CORE]: Incorrect key Limitations.Control.max_breakfall_damage_remove_height was corrected from null to its default, 6.0. 
[21Jul2026 18:36:45.706] [Server thread/WARN] [net.minecraftforge.common.ForgeConfigSpec/CORE]: Incorrect key Limitations.Control.max_breakfall_damage_reduction_rate was corrected from null to its default, 0.6. 
[21Jul2026 18:36:45.707] [Server thread/WARN] [net.minecraftforge.common.ForgeConfigSpec/CORE]: Incorrect key Limitations.Modifier was corrected from null to its default, SimpleCommentedConfig:{}. 
[21Jul2026 18:36:45.707] [Server thread/WARN] [net.minecraftforge.common.ForgeConfigSpec/CORE]: Incorrect key Limitations.Modifier.wall-run_continuable_tick was corrected from null to its default, 40. 
[21Jul2026 18:36:45.707] [Server thread/WARN] [net.minecraftforge.common.ForgeConfigSpec/CORE]: Incorrect key Limitations.Modifier.sliding_continuable_tick was corrected from null to its default, 30. 
[21Jul2026 18:36:45.708] [Server thread/WARN] [net.minecraftforge.common.ForgeConfigSpec/CORE]: Incorrect key Limitations.Modifier.max_fast-run_modifier was corrected from null to its default, 2.0. 
[21Jul2026 18:36:45.708] [Server thread/WARN] [net.minecraftforge.common.ForgeConfigSpec/CORE]: Incorrect key Limitations.Modifier.max_fast-swim_modifier was corrected from null to its default, 2.0. 
[21Jul2026 18:36:45.708] [Server thread/WARN] [net.minecraftforge.common.ForgeConfigSpec/CORE]: Incorrect key Limitations.Modifier.max_dodge-speed_modifier was corrected from null to its default, 1.0. 
[21Jul2026 18:36:45.708] [Server thread/WARN] [net.minecraftforge.common.ForgeConfigSpec/CORE]: Incorrect key Limitations.Modifier.min_sky-dive_speed_decrease was corrected from null to its default, 0.98. 
[21Jul2026 18:36:45.738] [Server thread/WARN] [net.minecraftforge.common.ForgeConfigSpec/CORE]: Configuration file ./world/serverconfig/irons_spellbooks-server.toml is not correct. Correcting
[21Jul2026 18:36:45.739] [Server thread/WARN] [net.minecraftforge.common.ForgeConfigSpec/CORE]: Incorrect key Blocks was corrected from null to its default, SimpleCommentedConfig:{}. 
[21Jul2026 18:36:45.739] [Server thread/WARN] [net.minecraftforge.common.ForgeConfigSpec/CORE]: Incorrect key Blocks.portalFrameRestrictDye was corrected from null to its default, true. 
[21Jul2026 18:36:45.739] [Server thread/WARN] [net.minecraftforge.common.ForgeConfigSpec/CORE]: Incorrect key Blocks.portalFrameRestrictBreaking was corrected from null to its default, false. 
[21Jul2026 18:36:45.740] [Server thread/WARN] [net.minecraftforge.common.ForgeConfigSpec/CORE]: Incorrect key Misc was corrected from null to its default, SimpleCommentedConfig:{}. 
[21Jul2026 18:36:45.741] [Server thread/WARN] [net.minecraftforge.common.ForgeConfigSpec/CORE]: Incorrect key Misc.rarityConfig was corrected from null to its default, [0.3, 0.25, 0.2, 0.15, 0.1]. 
[21Jul2026 18:36:45.741] [Server thread/WARN] [net.minecraftforge.common.ForgeConfigSpec/CORE]: Incorrect key Misc.swordsConsumeMana was corrected from null to its default, true. 
[21Jul2026 18:36:45.741] [Server thread/WARN] [net.minecraftforge.common.ForgeConfigSpec/CORE]: Incorrect key Misc.swordsCooldownMultiplier was corrected from null to its default, 0.5. 
[21Jul2026 18:36:45.741] [Server thread/WARN] [net.minecraftforge.common.ForgeConfigSpec/CORE]: Incorrect key Misc.canAttackOwnSummons was corrected from null to its default, false. 
[21Jul2026 18:36:45.741] [Server thread/WARN] [net.minecraftforge.common.ForgeConfigSpec/CORE]: Incorrect key Misc.maxUpgrades was corrected from null to its default, 3. 
[21Jul2026 18:36:45.741] [Server thread/WARN] [net.minecraftforge.common.ForgeConfigSpec/CORE]: Incorrect key Misc.manaSpawnPercent was corrected from null to its default, 0.0. 
[21Jul2026 18:36:45.741] [Server thread/WARN] [net.minecraftforge.common.ForgeConfigSpec/CORE]: Incorrect key Misc.scrollRecycleChance was corrected from null to its default, 0.5. 
[21Jul2026 18:36:45.742] [Server thread/WARN] [net.minecraftforge.common.ForgeConfigSpec/CORE]: Incorrect key Misc.allowCauldronBrewing was corrected from null to its default, true. 
[21Jul2026 18:36:45.742] [Server thread/WARN] [net.minecraftforge.common.ForgeConfigSpec/CORE]: Incorrect key Misc.furledMapSkipsExistingChunks was corrected from null to its default, true. 
[21Jul2026 18:36:45.743] [Server thread/WARN] [net.minecraftforge.common.ForgeConfigSpec/CORE]: Incorrect key Misc.applyAllMultihandAttributes was corrected from null to its default, true. 
[21Jul2026 18:36:45.743] [Server thread/WARN] [net.minecraftforge.common.ForgeConfigSpec/CORE]: Incorrect key Misc.betterCreeperThunderHit was corrected from null to its default, true. 
[21Jul2026 18:36:45.743] [Server thread/WARN] [net.minecraftforge.common.ForgeConfigSpec/CORE]: Incorrect key Misc.spellGriefing was corrected from null to its default, false. 
[21Jul2026 18:36:45.744] [Server thread/WARN] [net.minecraftforge.common.ForgeConfigSpec/CORE]: Incorrect key Misc.additionalWanderingTraderTrades was corrected from null to its default, true. 
[21Jul2026 18:36:45.744] [Server thread/WARN] [net.minecraftforge.common.ForgeConfigSpec/CORE]: Incorrect key Misc.disableAdventureModeCasting was corrected from null to its default, false. 
[21Jul2026 18:36:45.744] [Server thread/WARN] [net.minecraftforge.common.ForgeConfigSpec/CORE]: Incorrect key Misc.hoglinOffspringProtection was corrected from null to its default, true. 
[21Jul2026 18:36:45.744] [Server thread/WARN] [net.minecraftforge.common.ForgeConfigSpec/CORE]: Incorrect key Misc.manaRegenMultiplier was corrected from null to its default, 1.0. 
[21Jul2026 18:36:45.744] [Server thread/WARN] [net.minecraftforge.common.ForgeConfigSpec/CORE]: Incorrect key Misc.scrollMerging was corrected from null to its default, true. 
[21Jul2026 18:36:45.744] [Server thread/WARN] [net.minecraftforge.common.ForgeConfigSpec/CORE]: Incorrect key Misc.creativeMana was corrected from null to its default, false. 
[21Jul2026 18:36:45.744] [Server thread/WARN] [net.minecraftforge.common.ForgeConfigSpec/CORE]: Incorrect key Misc.creativeCooldowns was corrected from null to its default, false. 
[21Jul2026 18:36:45.746] [Server thread/WARN] [net.minecraftforge.common.ForgeConfigSpec/CORE]: Incorrect key Upgrade Overrides was corrected from null to its default, SimpleCommentedConfig:{}. 
[21Jul2026 18:36:45.746] [Server thread/WARN] [net.minecraftforge.common.ForgeConfigSpec/CORE]: Incorrect key Upgrade Overrides.upgradeWhitelist was corrected from null to its default, []. 
[21Jul2026 18:36:45.747] [Server thread/WARN] [net.minecraftforge.common.ForgeConfigSpec/CORE]: Incorrect key Upgrade Overrides.upgradeBlacklist was corrected from null to its default, []. 
[21Jul2026 18:36:45.748] [Server thread/WARN] [net.minecraftforge.common.ForgeConfigSpec/CORE]: Incorrect key Imbue Overrides was corrected from null to its default, SimpleCommentedConfig:{}. 
[21Jul2026 18:36:45.748] [Server thread/WARN] [net.minecraftforge.common.ForgeConfigSpec/CORE]: Incorrect key Imbue Overrides.imbueWhitelist was corrected from null to its default, []. 
[21Jul2026 18:36:45.748] [Server thread/WARN] [net.minecraftforge.common.ForgeConfigSpec/CORE]: Incorrect key Imbue Overrides.imbueBlacklist was corrected from null to its default, []. 
[21Jul2026 18:36:45.749] [Server thread/WARN] [net.minecraftforge.common.ForgeConfigSpec/CORE]: Incorrect key Worldgen was corrected from null to its default, SimpleCommentedConfig:{}. 
[21Jul2026 18:36:45.749] [Server thread/WARN] [net.minecraftforge.common.ForgeConfigSpec/CORE]: Incorrect key Worldgen.priestHouseWeight was corrected from null to its default, 4. 
[21Jul2026 18:36:45.750] [Server thread/WARN] [net.minecraftforge.common.ForgeConfigSpec/CORE]: Incorrect key Worldgen.aquiferDetection was corrected from null to its default, true. 
[21Jul2026 18:36:45.750] [Server thread/WARN] [net.minecraftforge.common.ForgeConfigSpec/CORE]: Incorrect key Worldgen.iceSpiderPatrols was corrected from null to its default, true. 
[21Jul2026 18:36:45.751] [Server thread/WARN] [net.minecraftforge.common.ForgeConfigSpec/CORE]: Incorrect key Boss Config was corrected from null to its default, SimpleCommentedConfig:{}. 
[21Jul2026 18:36:45.751] [Server thread/WARN] [net.minecraftforge.common.ForgeConfigSpec/CORE]: Incorrect key Boss Config.Tyros was corrected from null to its default, SimpleCommentedConfig:{}. 
[21Jul2026 18:36:45.752] [Server thread/WARN] [net.minecraftforge.common.ForgeConfigSpec/CORE]: Incorrect key Boss Config.Tyros.additionalHealth was corrected from null to its default, 0.0. 
[21Jul2026 18:36:45.752] [Server thread/WARN] [net.minecraftforge.common.ForgeConfigSpec/CORE]: Incorrect key Boss Config.Tyros.additionalAttackDamage was corrected from null to its default, 0.0. 
[21Jul2026 18:36:45.752] [Server thread/WARN] [net.minecraftforge.common.ForgeConfigSpec/CORE]: Incorrect key Boss Config.Tyros.additionalSpellPower was corrected from null to its default, 0.0. 
[21Jul2026 18:36:45.752] [Server thread/WARN] [net.minecraftforge.common.ForgeConfigSpec/CORE]: Incorrect key Boss Config.Dead King was corrected from null to its default, SimpleCommentedConfig:{}. 
[21Jul2026 18:36:45.752] [Server thread/WARN] [net.minecraftforge.common.ForgeConfigSpec/CORE]: Incorrect key Boss Config.Dead King.additionalHealth was corrected from null to its default, 0.0. 
[21Jul2026 18:36:45.752] [Server thread/WARN] [net.minecraftforge.common.ForgeConfigSpec/CORE]: Incorrect key Boss Config.Dead King.additionalAttackDamage was corrected from null to its default, 0.0. 
[21Jul2026 18:36:45.752] [Server thread/WARN] [net.minecraftforge.common.ForgeConfigSpec/CORE]: Incorrect key Boss Config.Dead King.additionalSpellPower was corrected from null to its default, 0.0. 
[21Jul2026 18:36:45.974] [Server thread/INFO] [net.minecraft.server.MinecraftServer/]:         __    
[21Jul2026 18:36:45.974] [Server thread/INFO] [net.minecraft.server.MinecraftServer/]:   |    |__)   LuckPerms v5.4.102
[21Jul2026 18:36:45.975] [Server thread/INFO] [net.minecraft.server.MinecraftServer/]:   |___ |      Running on Forge - Forge
[21Jul2026 18:36:45.975] [Server thread/INFO] [net.minecraft.server.MinecraftServer/]: 
[21Jul2026 18:36:45.976] [Server thread/INFO] [luckperms/]: Loading configuration...
[21Jul2026 18:36:46.118] [Server thread/INFO] [luckperms/]: Loading storage provider... [H2]
[21Jul2026 18:36:46.381] [Server thread/INFO] [luckperms/]: Loading internal permission managers...
[21Jul2026 18:36:46.411] [Server thread/INFO] [luckperms/]: Performing initial data load...
[21Jul2026 18:36:46.459] [Server thread/INFO] [luckperms/]: Successfully enabled. (took 14474ms)
[21Jul2026 18:36:46.500] [Server thread/INFO] [DistantHorizons-DistantHorizons-com.seibel.distanthorizons.core.config.ConfigHandler/]: Initialising config for [DistantHorizons]
[21Jul2026 18:36:46.576] [Server thread/INFO] [DistantHorizons-DistantHorizons-com.seibel.distanthorizons.core.config.ConfigHandler/]: [DistantHorizons] Config initialised
[21Jul2026 18:36:46.593] [Server thread/INFO] [DistantHorizons-DistantHorizons-com.seibel.distanthorizons.core.config.eventHandlers.IgnoredDimensionCsvHandler/]: Dimension ignoring disabled, DH will render all dimensions.
[21Jul2026 18:36:46.593] [Server thread/INFO] [com.seibel.distanthorizons.core.logging.DhLogger/]: Applying config to loggers
[21Jul2026 18:36:46.594] [Server thread/INFO] [DistantHorizons-DistantHorizons-loaderCommon.forge.com.seibel.distanthorizons.common.AbstractModInitializer/]: Running Delayed setup...
[21Jul2026 18:36:46.594] [Server thread/INFO] [DistantHorizons-DistantHorizons-loaderCommon.forge.com.seibel.distanthorizons.common.AbstractModInitializer/]: Delayed setup complete, firing DhApiAfterDhInitEvent event...
[21Jul2026 18:36:46.608] [Server thread/INFO] [DistantHorizons-DistantHorizons-com.seibel.distanthorizons.core.jar.updater.SelfUpdater/]: Checking for Distant Horizons update
[21Jul2026 18:36:46.922] [Server thread/INFO] [DistantHorizons-DistantHorizons-com.seibel.distanthorizons.core.jar.updater.SelfUpdater/]: New version (3.2.0-b) of Distant Horizons is available
[21Jul2026 18:36:46.922] [Server thread/INFO] [DistantHorizons-DistantHorizons-com.seibel.distanthorizons.core.jar.updater.SelfUpdater/]: Download link: https://cdn.modrinth.com/data/uCdwusMi/versions/FWGxbEM3/DistantHorizons-3.2.0-b-1.20.1-fabric-forge.jar
[21Jul2026 18:36:46.923] [Server thread/INFO] [DistantHorizons-DistantHorizons-loaderCommon.forge.com.seibel.distanthorizons.common.AbstractModInitializer/]: Distant Horizons server Initialized at .
[21Jul2026 18:36:46.942] [Server thread/INFO] [net.minecraftforge.coremod.CoreMod.apotheosis/COREMODLOG]: Replaced 1 calls to Enchantment#getMaxLevel() in net/minecraft/world/entity/npc/VillagerTrades$EnchantBookForEmeralds
[21Jul2026 18:36:46.942] [Server thread/INFO] [net.minecraftforge.coremod.CoreMod.apotheosis/COREMODLOG]: Replaced 1 calls to Enchantment#isTreasureOnly() in net/minecraft/world/entity/npc/VillagerTrades$EnchantBookForEmeralds
[21Jul2026 18:36:46.942] [Server thread/INFO] [net.minecraftforge.coremod.CoreMod.apotheosis/COREMODLOG]: Replaced 1 calls to Enchantment#isTradeable() in net/minecraft/world/entity/npc/VillagerTrades$EnchantBookForEmeralds
[21Jul2026 18:36:46.983] [Server thread/INFO] [DistantHorizons-DistantHorizons-com.seibel.distanthorizons.core.world.AbstractDhWorld/]: Started [DhServerWorld] of type [SERVER_ONLY].
[21Jul2026 18:36:46.989] [Server thread/INFO] [net.minecraft.server.dedicated.DedicatedServer/]: Preparing level "world"
[21Jul2026 18:36:47.612] [Server thread/INFO] [com.cupboard.Cupboard/]: Loaded config for: betterchunkloading.json
[21Jul2026 18:36:47.685] [Server thread/INFO] [voicechat/]: [voicechat] Successfully migrated config voicechat-server.toml
[21Jul2026 18:36:48.342] [Server thread/INFO] [DistantHorizons-DistantHorizons-com.seibel.distanthorizons.core.sql.DatabaseUpdater/]: Running SQL update script: [sqlScripts/0010-sqlite-createInitialDataTables.sql], for repo: [./world/data/DistantHorizons.sqlite]
[21Jul2026 18:36:48.357] [Server thread/INFO] [DistantHorizons-DistantHorizons-com.seibel.distanthorizons.core.sql.DatabaseUpdater/]: Running SQL update script: [sqlScripts/0020-sqlite-createFullDataSourceV2Tables.sql], for repo: [./world/data/DistantHorizons.sqlite]
[21Jul2026 18:36:48.368] [Server thread/INFO] [DistantHorizons-DistantHorizons-com.seibel.distanthorizons.core.sql.DatabaseUpdater/]: Running SQL update script: [sqlScripts/0030-sqlite-changeTableJournaling.sql], for repo: [./world/data/DistantHorizons.sqlite]
[21Jul2026 18:36:48.372] [Server thread/INFO] [DistantHorizons-DistantHorizons-com.seibel.distanthorizons.core.sql.DatabaseUpdater/]: Running SQL update script: [sqlScripts/0031-sqlite-useSqliteWalJournaling.sql], for repo: [./world/data/DistantHorizons.sqlite]
[21Jul2026 18:36:48.377] [Server thread/INFO] [DistantHorizons-DistantHorizons-com.seibel.distanthorizons.core.sql.DatabaseUpdater/]: Running SQL update script: [sqlScripts/0040-sqlite-removeRenderCache.sql], for repo: [./world/data/DistantHorizons.sqlite]
[21Jul2026 18:36:48.380] [Server thread/INFO] [DistantHorizons-DistantHorizons-com.seibel.distanthorizons.core.sql.DatabaseUpdater/]: Running SQL update script: [sqlScripts/0050-sqlite-addApplyToParentIndex.sql], for repo: [./world/data/DistantHorizons.sqlite]
[21Jul2026 18:36:48.383] [Server thread/INFO] [DistantHorizons-DistantHorizons-com.seibel.distanthorizons.core.sql.DatabaseUpdater/]: Running SQL update script: [sqlScripts/0060-sqlite-createChunkHashTable.sql], for repo: [./world/data/DistantHorizons.sqlite]
[21Jul2026 18:36:48.385] [Server thread/INFO] [DistantHorizons-DistantHorizons-com.seibel.distanthorizons.core.sql.DatabaseUpdater/]: Running SQL update script: [sqlScripts/0070-sqlite-createBeaconBeamTable.sql], for repo: [./world/data/DistantHorizons.sqlite]
[21Jul2026 18:36:48.388] [Server thread/INFO] [DistantHorizons-DistantHorizons-com.seibel.distanthorizons.core.sql.DatabaseUpdater/]: Running SQL update script: [sqlScripts/0080-sqlite-addApplyToChildrenColumn.sql], for repo: [./world/data/DistantHorizons.sqlite]
[21Jul2026 18:36:48.391] [Server thread/INFO] [DistantHorizons-DistantHorizons-com.seibel.distanthorizons.core.sql.DatabaseUpdater/]: Running SQL update script: [sqlScripts/0090-sqlite-addAdjacentFullDataColumns.sql], for repo: [./world/data/DistantHorizons.sqlite]
[21Jul2026 18:36:48.516] [DH-Full Data Migration Thread[0]/INFO] [DistantHorizons-DistantHorizons-com.seibel.distanthorizons.core.file.fullDatafile.V2.DataMigratorV1/]: No migration necessary.
[21Jul2026 18:36:48.588] [DH-Request Module Ticker [minecraft:overworld] Thread[0]/INFO] [DistantHorizons-DistantHorizons-com.seibel.distanthorizons.core.generation.BatchGenerator/]: Batch Chunk Generator initialized
[21Jul2026 18:36:48.596] [DH-Request Module Ticker [minecraft:overworld] Thread[0]/INFO] [DistantHorizons-DistantHorizons-com.seibel.distanthorizons.core.generation.WorldGenerationQueue/]: Creating world gen queue
[21Jul2026 18:36:48.596] [DH-Request Module Ticker [minecraft:overworld] Thread[0]/INFO] [DistantHorizons-DistantHorizons-com.seibel.distanthorizons.core.generation.WorldGenerationQueue/]: Created world gen queue
[21Jul2026 18:36:48.602] [DH-Request Module Ticker [minecraft:overworld] Thread[0]/INFO] [DistantHorizons-DistantHorizons-com.seibel.distanthorizons.core.file.fullDatafile.GeneratedFullDataSourceProvider/]: Set world gen queue for level [minecraft:overworld].
[21Jul2026 18:36:48.650] [Server thread/INFO] [DistantHorizons-DistantHorizons-com.seibel.distanthorizons.core.level.AbstractDhServerLevel/]: Started DhServerLevel for [Wrapped{ServerLevel[world]@minecraft:overworld}] at [[LocalSaveStructure@(./world/data)]].
[21Jul2026 18:36:52.040] [Server thread/WARN] [net.minecraft.world.level.storage.loot.functions.SetItemDamageFunction/]: Couldn't set damage of loot item 1 veteran
[21Jul2026 18:36:52.055] [Server thread/WARN] [net.minecraft.world.level.storage.loot.functions.SetItemDamageFunction/]: Couldn't set damage of loot item 1 rookie
[21Jul2026 18:36:52.057] [Server thread/WARN] [net.minecraft.world.level.storage.loot.functions.SetItemDamageFunction/]: Couldn't set damage of loot item 1 expert
[21Jul2026 18:36:52.059] [Server thread/WARN] [net.minecraft.network.syncher.SynchedEntityData/]: defineId called for: class net.minecraft.world.entity.TamableAnimal from interface com.hollingsworth.arsnouveau.common.entity.IFollowingSummon
[21Jul2026 18:36:56.859] [Worker-Main-1/INFO] [citadel/]: vanilla surface rule behavior unchanged
[21Jul2026 18:37:00.170] [Server thread/INFO] [com.cupboard.Cupboard/]: Loaded config for: limitedchunks.json
[21Jul2026 18:37:00.252] [Server thread/INFO] [DistantHorizons-DistantHorizons-com.seibel.distanthorizons.core.sql.DatabaseUpdater/]: Running SQL update script: [sqlScripts/0010-sqlite-createInitialDataTables.sql], for repo: [./world/DIM1/data/DistantHorizons.sqlite]
[21Jul2026 18:37:00.264] [Server thread/INFO] [DistantHorizons-DistantHorizons-com.seibel.distanthorizons.core.sql.DatabaseUpdater/]: Running SQL update script: [sqlScripts/0020-sqlite-createFullDataSourceV2Tables.sql], for repo: [./world/DIM1/data/DistantHorizons.sqlite]
[21Jul2026 18:37:00.273] [Server thread/INFO] [DistantHorizons-DistantHorizons-com.seibel.distanthorizons.core.sql.DatabaseUpdater/]: Running SQL update script: [sqlScripts/0030-sqlite-changeTableJournaling.sql], for repo: [./world/DIM1/data/DistantHorizons.sqlite]
[21Jul2026 18:37:00.279] [Server thread/INFO] [DistantHorizons-DistantHorizons-com.seibel.distanthorizons.core.sql.DatabaseUpdater/]: Running SQL update script: [sqlScripts/0031-sqlite-useSqliteWalJournaling.sql], for repo: [./world/DIM1/data/DistantHorizons.sqlite]
[21Jul2026 18:37:00.285] [Server thread/INFO] [DistantHorizons-DistantHorizons-com.seibel.distanthorizons.core.sql.DatabaseUpdater/]: Running SQL update script: [sqlScripts/0040-sqlite-removeRenderCache.sql], for repo: [./world/DIM1/data/DistantHorizons.sqlite]
[21Jul2026 18:37:00.288] [Server thread/INFO] [DistantHorizons-DistantHorizons-com.seibel.distanthorizons.core.sql.DatabaseUpdater/]: Running SQL update script: [sqlScripts/0050-sqlite-addApplyToParentIndex.sql], for repo: [./world/DIM1/data/DistantHorizons.sqlite]
[21Jul2026 18:37:00.290] [Server thread/INFO] [DistantHorizons-DistantHorizons-com.seibel.distanthorizons.core.sql.DatabaseUpdater/]: Running SQL update script: [sqlScripts/0060-sqlite-createChunkHashTable.sql], for repo: [./world/DIM1/data/DistantHorizons.sqlite]
[21Jul2026 18:37:00.293] [Server thread/INFO] [DistantHorizons-DistantHorizons-com.seibel.distanthorizons.core.sql.DatabaseUpdater/]: Running SQL update script: [sqlScripts/0070-sqlite-createBeaconBeamTable.sql], for repo: [./world/DIM1/data/DistantHorizons.sqlite]
[21Jul2026 18:37:00.296] [Server thread/INFO] [DistantHorizons-DistantHorizons-com.seibel.distanthorizons.core.sql.DatabaseUpdater/]: Running SQL update script: [sqlScripts/0080-sqlite-addApplyToChildrenColumn.sql], for repo: [./world/DIM1/data/DistantHorizons.sqlite]
[21Jul2026 18:37:00.299] [Server thread/INFO] [DistantHorizons-DistantHorizons-com.seibel.distanthorizons.core.sql.DatabaseUpdater/]: Running SQL update script: [sqlScripts/0090-sqlite-addAdjacentFullDataColumns.sql], for repo: [./world/DIM1/data/DistantHorizons.sqlite]
[21Jul2026 18:37:00.334] [DH-Full Data Migration Thread[0]/INFO] [DistantHorizons-DistantHorizons-com.seibel.distanthorizons.core.file.fullDatafile.V2.DataMigratorV1/]: No migration necessary.
[21Jul2026 18:37:00.356] [DH-Request Module Ticker [minecraft:the_end] Thread[0]/INFO] [DistantHorizons-DistantHorizons-com.seibel.distanthorizons.core.generation.BatchGenerator/]: Batch Chunk Generator initialized
[21Jul2026 18:37:00.365] [DH-Request Module Ticker [minecraft:the_end] Thread[0]/INFO] [DistantHorizons-DistantHorizons-com.seibel.distanthorizons.core.generation.WorldGenerationQueue/]: Creating world gen queue
[21Jul2026 18:37:00.365] [DH-Request Module Ticker [minecraft:the_end] Thread[0]/INFO] [DistantHorizons-DistantHorizons-com.seibel.distanthorizons.core.generation.WorldGenerationQueue/]: Created world gen queue
[21Jul2026 18:37:00.365] [DH-Request Module Ticker [minecraft:the_end] Thread[0]/INFO] [DistantHorizons-DistantHorizons-com.seibel.distanthorizons.core.file.fullDatafile.GeneratedFullDataSourceProvider/]: Set world gen queue for level [minecraft:the_end].
[21Jul2026 18:37:00.388] [Server thread/INFO] [DistantHorizons-DistantHorizons-com.seibel.distanthorizons.core.level.AbstractDhServerLevel/]: Started DhServerLevel for [Wrapped{ServerLevel[world]@minecraft:the_end}] at [[LocalSaveStructure@(./world/DIM1/data;./world/data)]].
[21Jul2026 18:37:00.426] [Server thread/INFO] [DistantHorizons-DistantHorizons-com.seibel.distanthorizons.core.sql.DatabaseUpdater/]: Running SQL update script: [sqlScripts/0010-sqlite-createInitialDataTables.sql], for repo: [./world/dimensions/aether/the_aether/data/DistantHorizons.sqlite]
[21Jul2026 18:37:00.438] [Server thread/INFO] [DistantHorizons-DistantHorizons-com.seibel.distanthorizons.core.sql.DatabaseUpdater/]: Running SQL update script: [sqlScripts/0020-sqlite-createFullDataSourceV2Tables.sql], for repo: [./world/dimensions/aether/the_aether/data/DistantHorizons.sqlite]
[21Jul2026 18:37:00.448] [Server thread/INFO] [DistantHorizons-DistantHorizons-com.seibel.distanthorizons.core.sql.DatabaseUpdater/]: Running SQL update script: [sqlScripts/0030-sqlite-changeTableJournaling.sql], for repo: [./world/dimensions/aether/the_aether/data/DistantHorizons.sqlite]
[21Jul2026 18:37:00.453] [Server thread/INFO] [DistantHorizons-DistantHorizons-com.seibel.distanthorizons.core.sql.DatabaseUpdater/]: Running SQL update script: [sqlScripts/0031-sqlite-useSqliteWalJournaling.sql], for repo: [./world/dimensions/aether/the_aether/data/DistantHorizons.sqlite]
[21Jul2026 18:37:00.460] [Server thread/INFO] [DistantHorizons-DistantHorizons-com.seibel.distanthorizons.core.sql.DatabaseUpdater/]: Running SQL update script: [sqlScripts/0040-sqlite-removeRenderCache.sql], for repo: [./world/dimensions/aether/the_aether/data/DistantHorizons.sqlite]
[21Jul2026 18:37:00.463] [Server thread/INFO] [DistantHorizons-DistantHorizons-com.seibel.distanthorizons.core.sql.DatabaseUpdater/]: Running SQL update script: [sqlScripts/0050-sqlite-addApplyToParentIndex.sql], for repo: [./world/dimensions/aether/the_aether/data/DistantHorizons.sqlite]
[21Jul2026 18:37:00.466] [Server thread/INFO] [DistantHorizons-DistantHorizons-com.seibel.distanthorizons.core.sql.DatabaseUpdater/]: Running SQL update script: [sqlScripts/0060-sqlite-createChunkHashTable.sql], for repo: [./world/dimensions/aether/the_aether/data/DistantHorizons.sqlite]
[21Jul2026 18:37:00.472] [Server thread/INFO] [DistantHorizons-DistantHorizons-com.seibel.distanthorizons.core.sql.DatabaseUpdater/]: Running SQL update script: [sqlScripts/0070-sqlite-createBeaconBeamTable.sql], for repo: [./world/dimensions/aether/the_aether/data/DistantHorizons.sqlite]
[21Jul2026 18:37:00.477] [Server thread/INFO] [DistantHorizons-DistantHorizons-com.seibel.distanthorizons.core.sql.DatabaseUpdater/]: Running SQL update script: [sqlScripts/0080-sqlite-addApplyToChildrenColumn.sql], for repo: [./world/dimensions/aether/the_aether/data/DistantHorizons.sqlite]
[21Jul2026 18:37:00.481] [Server thread/INFO] [DistantHorizons-DistantHorizons-com.seibel.distanthorizons.core.sql.DatabaseUpdater/]: Running SQL update script: [sqlScripts/0090-sqlite-addAdjacentFullDataColumns.sql], for repo: [./world/dimensions/aether/the_aether/data/DistantHorizons.sqlite]
[21Jul2026 18:37:00.504] [DH-Full Data Migration Thread[0]/INFO] [DistantHorizons-DistantHorizons-com.seibel.distanthorizons.core.file.fullDatafile.V2.DataMigratorV1/]: No migration necessary.
[21Jul2026 18:37:00.526] [DH-Request Module Ticker [aether:the_aether] Thread[0]/INFO] [DistantHorizons-DistantHorizons-com.seibel.distanthorizons.core.generation.BatchGenerator/]: Batch Chunk Generator initialized
[21Jul2026 18:37:00.526] [DH-Request Module Ticker [aether:the_aether] Thread[0]/INFO] [DistantHorizons-DistantHorizons-com.seibel.distanthorizons.core.generation.WorldGenerationQueue/]: Creating world gen queue
[21Jul2026 18:37:00.526] [DH-Request Module Ticker [aether:the_aether] Thread[0]/INFO] [DistantHorizons-DistantHorizons-com.seibel.distanthorizons.core.generation.WorldGenerationQueue/]: Created world gen queue
[21Jul2026 18:37:00.527] [DH-Request Module Ticker [aether:the_aether] Thread[0]/INFO] [DistantHorizons-DistantHorizons-com.seibel.distanthorizons.core.file.fullDatafile.GeneratedFullDataSourceProvider/]: Set world gen queue for level [aether:the_aether].
[21Jul2026 18:37:00.544] [Server thread/INFO] [DistantHorizons-DistantHorizons-com.seibel.distanthorizons.core.level.AbstractDhServerLevel/]: Started DhServerLevel for [Wrapped{ServerLevel[world]@aether:the_aether}] at [[LocalSaveStructure@(./world/dimensions/aether/the_aether/data;./world/DIM1/data;./world/data)]].
[21Jul2026 18:37:00.587] [Server thread/INFO] [DistantHorizons-DistantHorizons-com.seibel.distanthorizons.core.sql.DatabaseUpdater/]: Running SQL update script: [sqlScripts/0010-sqlite-createInitialDataTables.sql], for repo: [./world/DIM-1/data/DistantHorizons.sqlite]
[21Jul2026 18:37:00.595] [Server thread/INFO] [DistantHorizons-DistantHorizons-com.seibel.distanthorizons.core.sql.DatabaseUpdater/]: Running SQL update script: [sqlScripts/0020-sqlite-createFullDataSourceV2Tables.sql], for repo: [./world/DIM-1/data/DistantHorizons.sqlite]
[21Jul2026 18:37:00.602] [Server thread/INFO] [DistantHorizons-DistantHorizons-com.seibel.distanthorizons.core.sql.DatabaseUpdater/]: Running SQL update script: [sqlScripts/0030-sqlite-changeTableJournaling.sql], for repo: [./world/DIM-1/data/DistantHorizons.sqlite]
[21Jul2026 18:37:00.607] [Server thread/INFO] [DistantHorizons-DistantHorizons-com.seibel.distanthorizons.core.sql.DatabaseUpdater/]: Running SQL update script: [sqlScripts/0031-sqlite-useSqliteWalJournaling.sql], for repo: [./world/DIM-1/data/DistantHorizons.sqlite]
[21Jul2026 18:37:00.615] [Server thread/INFO] [DistantHorizons-DistantHorizons-com.seibel.distanthorizons.core.sql.DatabaseUpdater/]: Running SQL update script: [sqlScripts/0040-sqlite-removeRenderCache.sql], for repo: [./world/DIM-1/data/DistantHorizons.sqlite]
[21Jul2026 18:37:00.620] [Server thread/INFO] [DistantHorizons-DistantHorizons-com.seibel.distanthorizons.core.sql.DatabaseUpdater/]: Running SQL update script: [sqlScripts/0050-sqlite-addApplyToParentIndex.sql], for repo: [./world/DIM-1/data/DistantHorizons.sqlite]
[21Jul2026 18:37:00.625] [Server thread/INFO] [DistantHorizons-DistantHorizons-com.seibel.distanthorizons.core.sql.DatabaseUpdater/]: Running SQL update script: [sqlScripts/0060-sqlite-createChunkHashTable.sql], for repo: [./world/DIM-1/data/DistantHorizons.sqlite]
[21Jul2026 18:37:00.629] [Server thread/INFO] [DistantHorizons-DistantHorizons-com.seibel.distanthorizons.core.sql.DatabaseUpdater/]: Running SQL update script: [sqlScripts/0070-sqlite-createBeaconBeamTable.sql], for repo: [./world/DIM-1/data/DistantHorizons.sqlite]
[21Jul2026 18:37:00.633] [Server thread/INFO] [DistantHorizons-DistantHorizons-com.seibel.distanthorizons.core.sql.DatabaseUpdater/]: Running SQL update script: [sqlScripts/0080-sqlite-addApplyToChildrenColumn.sql], for repo: [./world/DIM-1/data/DistantHorizons.sqlite]
[21Jul2026 18:37:00.637] [Server thread/INFO] [DistantHorizons-DistantHorizons-com.seibel.distanthorizons.core.sql.DatabaseUpdater/]: Running SQL update script: [sqlScripts/0090-sqlite-addAdjacentFullDataColumns.sql], for repo: [./world/DIM-1/data/DistantHorizons.sqlite]
[21Jul2026 18:37:00.662] [DH-Full Data Migration Thread[0]/INFO] [DistantHorizons-DistantHorizons-com.seibel.distanthorizons.core.file.fullDatafile.V2.DataMigratorV1/]: No migration necessary.
[21Jul2026 18:37:00.684] [DH-Request Module Ticker [minecraft:the_nether] Thread[0]/INFO] [DistantHorizons-DistantHorizons-com.seibel.distanthorizons.core.generation.BatchGenerator/]: Batch Chunk Generator initialized
[21Jul2026 18:37:00.684] [DH-Request Module Ticker [minecraft:the_nether] Thread[0]/INFO] [DistantHorizons-DistantHorizons-com.seibel.distanthorizons.core.generation.WorldGenerationQueue/]: Creating world gen queue
[21Jul2026 18:37:00.684] [DH-Request Module Ticker [minecraft:the_nether] Thread[0]/INFO] [DistantHorizons-DistantHorizons-com.seibel.distanthorizons.core.generation.WorldGenerationQueue/]: Created world gen queue
[21Jul2026 18:37:00.684] [DH-Request Module Ticker [minecraft:the_nether] Thread[0]/INFO] [DistantHorizons-DistantHorizons-com.seibel.distanthorizons.core.file.fullDatafile.GeneratedFullDataSourceProvider/]: Set world gen queue for level [minecraft:the_nether].
[21Jul2026 18:37:00.709] [Server thread/INFO] [DistantHorizons-DistantHorizons-com.seibel.distanthorizons.core.level.AbstractDhServerLevel/]: Started DhServerLevel for [Wrapped{ServerLevel[world]@minecraft:the_nether}] at [[LocalSaveStructure@(./world/dimensions/aether/the_aether/data;./world/DIM1/data;./world/DIM-1/data;./world/data)]].
[21Jul2026 18:37:00.741] [Server thread/INFO] [DistantHorizons-DistantHorizons-com.seibel.distanthorizons.core.sql.DatabaseUpdater/]: Running SQL update script: [sqlScripts/0010-sqlite-createInitialDataTables.sql], for repo: [./world/dimensions/irons_spellbooks/pocket_dimension/data/DistantHorizons.sqlite]
[21Jul2026 18:37:00.749] [Server thread/INFO] [DistantHorizons-DistantHorizons-com.seibel.distanthorizons.core.sql.DatabaseUpdater/]: Running SQL update script: [sqlScripts/0020-sqlite-createFullDataSourceV2Tables.sql], for repo: [./world/dimensions/irons_spellbooks/pocket_dimension/data/DistantHorizons.sqlite]
[21Jul2026 18:37:00.757] [Server thread/INFO] [DistantHorizons-DistantHorizons-com.seibel.distanthorizons.core.sql.DatabaseUpdater/]: Running SQL update script: [sqlScripts/0030-sqlite-changeTableJournaling.sql], for repo: [./world/dimensions/irons_spellbooks/pocket_dimension/data/DistantHorizons.sqlite]
[21Jul2026 18:37:00.761] [Server thread/INFO] [DistantHorizons-DistantHorizons-com.seibel.distanthorizons.core.sql.DatabaseUpdater/]: Running SQL update script: [sqlScripts/0031-sqlite-useSqliteWalJournaling.sql], for repo: [./world/dimensions/irons_spellbooks/pocket_dimension/data/DistantHorizons.sqlite]
[21Jul2026 18:37:00.767] [Server thread/INFO] [DistantHorizons-DistantHorizons-com.seibel.distanthorizons.core.sql.DatabaseUpdater/]: Running SQL update script: [sqlScripts/0040-sqlite-removeRenderCache.sql], for repo: [./world/dimensions/irons_spellbooks/pocket_dimension/data/DistantHorizons.sqlite]
[21Jul2026 18:37:00.770] [Server thread/INFO] [DistantHorizons-DistantHorizons-com.seibel.distanthorizons.core.sql.DatabaseUpdater/]: Running SQL update script: [sqlScripts/0050-sqlite-addApplyToParentIndex.sql], for repo: [./world/dimensions/irons_spellbooks/pocket_dimension/data/DistantHorizons.sqlite]
[21Jul2026 18:37:00.773] [Server thread/INFO] [DistantHorizons-DistantHorizons-com.seibel.distanthorizons.core.sql.DatabaseUpdater/]: Running SQL update script: [sqlScripts/0060-sqlite-createChunkHashTable.sql], for repo: [./world/dimensions/irons_spellbooks/pocket_dimension/data/DistantHorizons.sqlite]
[21Jul2026 18:37:00.778] [Server thread/INFO] [DistantHorizons-DistantHorizons-com.seibel.distanthorizons.core.sql.DatabaseUpdater/]: Running SQL update script: [sqlScripts/0070-sqlite-createBeaconBeamTable.sql], for repo: [./world/dimensions/irons_spellbooks/pocket_dimension/data/DistantHorizons.sqlite]
[21Jul2026 18:37:00.782] [Server thread/INFO] [DistantHorizons-DistantHorizons-com.seibel.distanthorizons.core.sql.DatabaseUpdater/]: Running SQL update script: [sqlScripts/0080-sqlite-addApplyToChildrenColumn.sql], for repo: [./world/dimensions/irons_spellbooks/pocket_dimension/data/DistantHorizons.sqlite]
[21Jul2026 18:37:00.789] [Server thread/INFO] [DistantHorizons-DistantHorizons-com.seibel.distanthorizons.core.sql.DatabaseUpdater/]: Running SQL update script: [sqlScripts/0090-sqlite-addAdjacentFullDataColumns.sql], for repo: [./world/dimensions/irons_spellbooks/pocket_dimension/data/DistantHorizons.sqlite]
[21Jul2026 18:37:00.817] [DH-Full Data Migration Thread[0]/INFO] [DistantHorizons-DistantHorizons-com.seibel.distanthorizons.core.file.fullDatafile.V2.DataMigratorV1/]: No migration necessary.
[21Jul2026 18:37:00.837] [DH-Request Module Ticker [irons_spellbooks:pocket_dimension] Thread[0]/INFO] [DistantHorizons-DistantHorizons-com.seibel.distanthorizons.core.generation.BatchGenerator/]: Batch Chunk Generator initialized
[21Jul2026 18:37:00.837] [DH-Request Module Ticker [irons_spellbooks:pocket_dimension] Thread[0]/INFO] [DistantHorizons-DistantHorizons-com.seibel.distanthorizons.core.generation.WorldGenerationQueue/]: Creating world gen queue
[21Jul2026 18:37:00.838] [DH-Request Module Ticker [irons_spellbooks:pocket_dimension] Thread[0]/INFO] [DistantHorizons-DistantHorizons-com.seibel.distanthorizons.core.generation.WorldGenerationQueue/]: Created world gen queue
[21Jul2026 18:37:00.838] [DH-Request Module Ticker [irons_spellbooks:pocket_dimension] Thread[0]/INFO] [DistantHorizons-DistantHorizons-com.seibel.distanthorizons.core.file.fullDatafile.GeneratedFullDataSourceProvider/]: Set world gen queue for level [irons_spellbooks:pocket_dimension].
[21Jul2026 18:37:00.859] [Server thread/INFO] [DistantHorizons-DistantHorizons-com.seibel.distanthorizons.core.level.AbstractDhServerLevel/]: Started DhServerLevel for [Wrapped{ServerLevel[world]@irons_spellbooks:pocket_dimension}] at [[LocalSaveStructure@(./world/dimensions/aether/the_aether/data;./world/DIM1/data;./world/dimensions/irons_spellbooks/pocket_dimension/data;./world/DIM-1/data;./world/data)]].
[21Jul2026 18:37:00.863] [Server thread/WARN] [com.structureessentials.StructureEssentials/]: Non-unique structure_set salt:0 potentially creating overlapping structures detected. Structure sets: [minecraft:mineshafts, minecraft:strongholds, minecraft:buried_treasures]
[21Jul2026 18:37:00.863] [Server thread/WARN] [com.structureessentials.StructureEssentials/]: Non-unique structure_set salt:10387313 potentially creating overlapping structures detected. Structure sets: [minecraft:ocean_monuments, minecraft:end_cities]
[21Jul2026 18:37:00.864] [Server thread/WARN] [com.structureessentials.StructureEssentials/]: Non-unique structure_set salt:265792644 potentially creating overlapping structures detected. Structure sets: [philipsruins:ancient_crypt, philipsruins:end_ruins]
[21Jul2026 18:37:00.865] [Server thread/INFO] [net.minecraft.server.MinecraftServer/]: Preparing start region for dimension minecraft:overworld
[21Jul2026 18:37:00.869] [Server thread/INFO] [KubeJS Server/]: Server resource reload complete!
[21Jul2026 18:37:09.280] [Worker-Main-2/WARN] [net.minecraft.world.entity.EntityType/]: Skipping Entity with id scpo:scp_049
[21Jul2026 18:37:10.546] [Worker-Main-2/WARN] [net.minecraft.world.entity.EntityType/]: Skipping Entity with id scpo:scp_173
[21Jul2026 18:37:38.531] [Server thread/INFO] [net.minecraft.server.level.progress.LoggerChunkProgressListener/]: Time elapsed: 1709424 ms
[21Jul2026 18:37:38.532] [Server thread/INFO] [net.minecraft.server.dedicated.DedicatedServer/]: Done (53.125s)! For help, type "help"
[21Jul2026 18:37:38.633] [Server thread/WARN] [net.minecraftforge.server.LanguageHook/]: Skipped language file: owo:lang/en_us.json
com.google.gson.JsonSyntaxException: Expected text.owo.itemGroup.tab_template to be a string, was an array ([{"i..."}])
	at net.minecraft.util.GsonHelper.m_13805_(GsonHelper.java:119) ~[server-1.20.1-20230612.114412-srg.jar%23391!/:?]
	at net.minecraftforge.server.LanguageHook.lambda$loadLocaleData$2(LanguageHook.java:64) ~[forge-1.20.1-47.4.21-universal.jar%23396!/:?]
	at java.lang.Iterable.forEach(Iterable.java:75) ~[?:?]
	at net.minecraftforge.server.LanguageHook.loadLocaleData(LanguageHook.java:63) ~[forge-1.20.1-47.4.21-universal.jar%23396!/:?]
	at net.minecraftforge.server.LanguageHook.lambda$loadLocaleData$1(LanguageHook.java:52) ~[forge-1.20.1-47.4.21-universal.jar%23396!/:?]
	at java.lang.Iterable.forEach(Iterable.java:75) ~[?:?]
	at net.minecraftforge.server.LanguageHook.loadLocaleData(LanguageHook.java:50) ~[forge-1.20.1-47.4.21-universal.jar%23396!/:?]
	at net.minecraftforge.server.LanguageHook.lambda$loadLanguage$3(LanguageHook.java:80) ~[forge-1.20.1-47.4.21-universal.jar%23396!/:?]
	at java.util.HashMap$KeySet.forEach(HashMap.java:1008) ~[?:?]
	at net.minecraftforge.server.LanguageHook.loadLanguage(LanguageHook.java:77) ~[forge-1.20.1-47.4.21-universal.jar%23396!/:?]
	at net.minecraftforge.server.LanguageHook.loadLanguagesOnServer(LanguageHook.java:102) ~[forge-1.20.1-47.4.21-universal.jar%23396!/:?]
	at net.minecraftforge.server.ServerLifecycleHooks.lambda$handleServerStarting$1(ServerLifecycleHooks.java:104) ~[forge-1.20.1-47.4.21-universal.jar%23396!/:?]
	at net.minecraftforge.fml.DistExecutor.unsafeRunWhenOn(DistExecutor.java:111) ~[fmlcore-1.20.1-47.4.21.jar%23392!/:?]
	at net.minecraftforge.fml.DistExecutor.runWhenOn(DistExecutor.java:95) ~[fmlcore-1.20.1-47.4.21.jar%23392!/:?]
	at net.minecraftforge.server.ServerLifecycleHooks.handleServerStarting(ServerLifecycleHooks.java:103) ~[forge-1.20.1-47.4.21-universal.jar%23396!/:?]
	at net.minecraft.server.dedicated.DedicatedServer.m_7038_(DedicatedServer.java:201) ~[server-1.20.1-20230612.114412-srg.jar%23391!/:?]
	at net.minecraft.server.MinecraftServer.m_130011_(MinecraftServer.java:634) ~[server-1.20.1-20230612.114412-srg.jar%23391!/:?]
	at net.minecraft.server.MinecraftServer.m_206580_(MinecraftServer.java:251) ~[server-1.20.1-20230612.114412-srg.jar%23391!/:?]
	at java.lang.Thread.run(Thread.java:840) ~[?:?]
[21Jul2026 18:37:38.678] [Server thread/INFO] [net.minecraftforge.server.permission.PermissionAPI/]: Successfully initialized permission handler luckperms:permission_handler
[21Jul2026 18:37:38.683] [Server thread/INFO] [net.petemc.undeadnights.UndeadNights/]: Initializing the UndeadNights Mod (server starting)
[21Jul2026 18:37:38.685] [Server thread/INFO] [net.petemc.undeadnights.UndeadNights/]: Day scale counter max value changed in config, resetting current day scale counter to 0
[21Jul2026 18:37:38.735] [Server thread/INFO] [cz.maxtechnik.ntrials.NTrialsMod/]: NewTrials Server loading...
[21Jul2026 18:37:38.738] [Server thread/INFO] [evilcraft/]: Loading infobook /data/evilcraft/info/book.xml
[21Jul2026 18:37:38.784] [Server thread/WARN] [evilcraft/]: Invalid appendix info_book.evilcraft.second_age.tools.broom from mod evilcraft in an infobook: The broom modifier evilcraft:witherer has no valid items
[21Jul2026 18:37:38.785] [Server thread/WARN] [evilcraft/]: Invalid appendix info_book.evilcraft.second_age.tools.broom from mod evilcraft in an infobook: The broom modifier evilcraft:hungerer has no valid items
[21Jul2026 18:37:38.785] [Server thread/WARN] [evilcraft/]: Invalid appendix info_book.evilcraft.second_age.tools.broom from mod evilcraft in an infobook: The broom modifier evilcraft:kamikaze has no valid items
[21Jul2026 18:37:38.785] [Server thread/WARN] [evilcraft/]: Invalid appendix info_book.evilcraft.second_age.tools.broom from mod evilcraft in an infobook: The broom modifier evilcraft:withershield has no valid items
[21Jul2026 18:37:38.955] [modfixer-watchdog/WARN] [ModFixer/]: [ModFixer][SelfGuard] heavy_diagnostics=OFF reason=zero_mode usedNs=0
[21Jul2026 18:37:38.965] [modfixer-watchdog/INFO] [ModFixer/]: [ModFixer][ASM-AUDIT] LaunchPlugin class loaded (SIG=ASM_AUDIT_V1)
[21Jul2026 18:37:39.061] [Server thread/INFO] [net.bettercombat.logic.WeaponRegistry/]: Encoded Weapon Attribute registry size: 188707 bytes (uncompressed), 10380 bytes (compressed), compression ratio: 94.5% (in 2 string chunks with the size of 10000)
[21Jul2026 18:37:39.062] [Server thread/INFO] [cyclopscore/]: Loading infobook /data/cyclopscore/info/test.xml
[21Jul2026 18:37:39.066] [Server thread/INFO] [com.github.alexthe666.iceandfire.IceAndFire/]: {iceandfire:fire_dragon_roost=true, iceandfire:fire_lily=true, iceandfire:spawn_dragon_skeleton_fire=true, iceandfire:lightning_dragon_roost=true, iceandfire:spawn_dragon_skeleton_lightning=true, iceandfire:ice_dragon_roost=true, iceandfire:ice_dragon_cave=true, iceandfire:lightning_dragon_cave=true, iceandfire:cyclops_cave=true, iceandfire:spawn_wandering_cyclops=true, iceandfire:spawn_sea_serpent=true, iceandfire:frost_lily=true, iceandfire:hydra_cave=true, iceandfire:lightning_lily=true, iceandfire:pixie_village=true, iceandfire:myrmex_hive_jungle=true, iceandfire:myrmex_hive_desert=true, iceandfire:silver_ore=true, iceandfire:siren_island=true, iceandfire:spawn_dragon_skeleton_ice=true, iceandfire:spawn_stymphalian_bird=true, iceandfire:fire_dragon_cave=true, iceandfire:sapphire_ore=true, iceandfire:spawn_hippocampus=true, iceandfire:spawn_death_worm=true}
[21Jul2026 18:37:39.066] [Server thread/INFO] [com.github.alexthe666.iceandfire.IceAndFire/]: {TROLL_S=true, HIPPOGRYPH=true, AMPHITHERE=true, COCKATRICE=true, TROLL_M=true, DREAD_LICH=true, TROLL_F=true}
[21Jul2026 18:37:39.079] [Server thread/INFO] [com.cupboard.Cupboard/]: Loaded config for: chunksending.json
[21Jul2026 18:37:39.080] [Server thread/WARN] [voicechat/]: [voicechat] Running in offline mode - Voice chat encryption is not secure!
[21Jul2026 18:37:39.088] [VoiceChatServerThread/INFO] [voicechat/]: [voicechat] Voice host is '147.185.221.223:3073'
[21Jul2026 18:37:39.088] [VoiceChatServerThread/INFO] [voicechat/]: [voicechat] Voice chat server started at port 24454
[21Jul2026 18:37:39.092] [Server thread/INFO] [patchouli/]: Sending reload packet to clients
[21Jul2026 18:37:39.094] [Server thread/WARN] [ModernFix/]: Dedicated server took 102.826 seconds to load
[21Jul2026 18:37:41.058] [modfixer-watchdog/INFO] [ModFixer/]: [ModFixer][State] reason=level_load LaunchPlugin=ON AntiSpam=ON LibFix=OFF RuntimeActive=true ThrottlePermille=20 EnvPressure=88 mask=11
[21Jul2026 18:51:19.898] [Server thread/WARN] [net.minecraft.network.syncher.SynchedEntityData/]: defineId called for: class net.minecraft.world.entity.player.Player from class tschipp.carryon.common.carry.CarryOnDataManager
[21Jul2026 18:51:20.001] [Server thread/INFO] [net.minecraft.server.players.PlayerList/]: JuanArcJL12[/127.100.147.226:41361] logged in with entity id 1221 at (8.5, 106.0, -4.5)
[21Jul2026 18:51:20.040] [Server thread/INFO] [Fabwork::SERVER/]: Sending mod list to JuanArcJL12[/127.100.147.226:41361]
[21Jul2026 18:51:20.152] [Server thread/WARN] [io.redspace.ironsspellbooks.IronsSpellbooks/]: Spell Configuration file "global_config.json", outside of namespaced directory, will be ignored!
[21Jul2026 18:51:20.220] [Server thread/INFO] [ModernFix/]: Using enhanced recipe sync for player JuanArcJL12
[21Jul2026 18:51:20.415] [Server thread/INFO] [net.minecraft.server.MinecraftServer/]: JuanArcJL12 joined the game
[21Jul2026 18:51:20.417] [Netty Epoll Server IO #3/INFO] [Fabwork::SERVER/]: Got mod list from JuanArcJL12[/127.100.147.226:41361]:  [psychedelicraft] (1)
[21Jul2026 18:51:20.729] [Server thread/WARN] [net.minecraft.world.level.storage.loot.functions.SetItemDamageFunction/]: Couldn't set damage of loot item 1 expert
[21Jul2026 18:51:20.730] [Server thread/WARN] [net.minecraft.world.level.storage.loot.functions.SetItemDamageFunction/]: Couldn't set damage of loot item 1 veteran
[21Jul2026 18:51:20.731] [Server thread/WARN] [net.minecraft.world.level.storage.loot.functions.SetItemDamageFunction/]: Couldn't set damage of loot item 1 veteran
[21Jul2026 18:51:21.038] [Server thread/INFO] [Jade/]: Syncing config to JuanArcJL12 (62d27574-3947-30ff-acda-f37c70e6703b)
[21Jul2026 18:51:21.057] [Server thread/INFO] [DistantHorizons-DistantHorizons-com.seibel.distanthorizons.core.api.internal.ServerApi/]: Player [JuanArcJL12] joined.
[21Jul2026 18:51:21.179] [Server thread/INFO] [net.minecraft.server.MinecraftServer/]: JuanArcJL12 has made the advancement [Ice and Fire]
[21Jul2026 18:51:23.317] [Server thread/INFO] [voicechat/]: [voicechat] Received secret request of JuanArcJL12 (20)
[21Jul2026 18:51:23.331] [Server thread/INFO] [voicechat/]: [voicechat] Sent secret to JuanArcJL12
[21Jul2026 18:51:23.561] [Server thread/INFO] [com.alrex.parcool.ParCool/]: Limitation of 62d27574-3947-30ff-acda-f37c70e6703b was loaded
[21Jul2026 18:51:23.563] [Server thread/INFO] [com.alrex.parcool.ParCool/]: Sent Server Limitation of [JuanArcJL12]
[21Jul2026 18:51:23.563] [Server thread/INFO] [com.alrex.parcool.ParCool/]: Received Client Information of [JuanArcJL12]
[21Jul2026 18:51:23.564] [Server thread/WARN] [net.minecraft.server.MinecraftServer/]: Can't keep up! Is the server overloaded? Running 2019ms or 40 ticks behind
[21Jul2026 18:51:24.193] [Server thread/INFO] [Fabwork::SERVER/]: Connection succeeded with 1 syncronised mod(s) [psychedelicraft]
[21Jul2026 18:51:43.387] [VoiceChatPacketProcessingThread/INFO] [voicechat/]: [voicechat] Successfully authenticated player 62d27574-3947-30ff-acda-f37c70e6703b
[21Jul2026 18:51:44.390] [VoiceChatPacketProcessingThread/INFO] [voicechat/]: [voicechat] Successfully validated connection of player 62d27574-3947-30ff-acda-f37c70e6703b
[21Jul2026 18:51:44.393] [VoiceChatPacketProcessingThread/INFO] [voicechat/]: [voicechat] Player JuanArcJL12 (62d27574-3947-30ff-acda-f37c70e6703b) successfully connected to voice chat
[21Jul2026 18:52:38.512] [Server thread/INFO] [net.minecraft.server.network.ServerGamePacketListenerImpl/]: JuanArcJL12 lost connection: Disconnected
[21Jul2026 18:52:38.513] [Server thread/INFO] [net.minecraft.server.MinecraftServer/]: JuanArcJL12 left the game
[21Jul2026 18:52:38.516] [Server thread/INFO] [com.alrex.parcool.ParCool/]: Limitation of 62d27574-3947-30ff-acda-f37c70e6703b was unloaded
[21Jul2026 18:52:38.524] [Server thread/INFO] [voicechat/]: [voicechat] Disconnecting client JuanArcJL12
[21Jul2026 18:52:38.524] [Server thread/INFO] [DistantHorizons-DistantHorizons-com.seibel.distanthorizons.core.api.internal.ServerApi/]: Player [JuanArcJL12] disconnected.
